40,0,27,162,25,0,3,4,-1,288,1
40,0,26,215,34,0,3,4,-1,288,1
40,0,26,267,42,0,3,4,-1,288,1
40,0,27,321,51,0,3,4,-1,288,1
40,0,27,375,59,0,3,4,-1,288,1
40,0,26,427,68,0,3,4,-1,288,1
40,0,27,481,76,0,3,4,-1,288,1
40,0,27,535,85,0,3,4,-1,288,1
40,0,26,587,93,0,3,4,-1,288,1
40,0,27,641,102,0,3,4,-1,288,1
40,0,27,695,110,0,3,4,-1,288,1
40,0,26,747,119,0,3,4,-1,288,1
40,0,27,801,127,0,3,4,-1,288,1
40,0,27,855,136,0,3,4,-1,288,1
40,0,27,909,144,0,3,4,-1,288,1
40,0,27,963,153,0,3,4,-1,288,1
40,0,27,1017,162,1,3,4,-1,289,1
40,0,27,1044,166,0,3,4,-1,289,1
40,0,27,1044,166,0,3,4,-1,289,1
40,0,27,1044,166,0,3,4,-1,289,1
40,0,27,1044,166,0,3,4,-1,289,1
40,0,27,1044,166,0,3,4,-1,289,1
40,0,26,52,8,0,3,4,-1,289,1
40,0,27,105,16,0,3,4,-1,289,1
40,0,26,157,25,0,3,4,-1,289,1
40,0,26,209,33,0,3,4,-1,289,1
40,0,26,261,41,0,3,4,-1,289,1
40,0,26,313,49,0,3,4,-1,289,1
40,0,26,365,58,0,3,4,-1,289,1
40,0,26,417,66,0,3,4,-1,289,1
40,0,26,469,74,0,3,4,-1,289,1
35,0,26,521,83,0,3,4,-1,289,1
35,0,26,573,91,0,3,4,-1,289,1
35,0,26,625,99,0,3,4,-1,289,1
35,0,26,677,107,0,3,4,-1,289,1
35,0,26,729,116,0,3,4,-1,289,1
35,0,26,781,124,0,3,4,-1,289,1
35,0,26,833,132,0,3,4,-1,289,1
35,0,26,885,141,0,3,4,-1,289,1
35,0,26,937,149,0,3,4,-1,289,1
35,0,26,989,157,1,3,4,-1,289,1
35,0,26,1041,165,1,3,4,-1,290,1
35,0,26,1041,165,0,3,4,-1,290,1
35,0,26,1041,165,0,3,4,-1,290,1
35,0,26,1041,165,0,3,4,-1,290,1
35,0,26,1041,165,0,3,4,-1,290,1
35,0,26,26,4,0,3,4,-1,290,1
35,0,26,78,12,0,3,4,-1,290,1
35,0,26,130,20,0,3,4,-1,290,1
35,0,26,182,28,0,3,4,-1,290,1
35,0,26,234,37,0,3,4,-1,290,1
35,0,26,286,45,0,3,4,-1,290,1
35,0,26,338,53,0,3,4,-1,290,1
35,0,26,390,62,0,3,4,-1,290,1
35,0,26,442,70,0,3,4,-1,290,1
35,0,26,494,78,0,3,4,-1,290,1
35,0,26,546,86,0,3,4,-1,290,1
35,0,26,598,95,0,3,4,-1,290,1
35,0,26,650,103,0,3,4,-1,290,1
35,0,26,702,111,0,3,4,-1,290,1
35,0,26,754,120,0,3,4,-1,290,1
35,0,26,806,128,0,3,4,-1,290,1
35,0,26,858,136,0,3,4,-1,290,1
35,0,26,910,144,0,3,4,-1,290,1
35,0,26,962,153,0,3,4,-1,290,1
35,0,26,1014,161,1,3,4,-1,291,1
35,0,26,1040,165,0,3,4,-1,291,1
35,0,26,1040,165,0,3,4,-1,291,1
35,0,26,1040,165,0,3,4,-1,291,1
35,0,26,1040,165,0,3,4,-1,291,1
35,0,26,1040,165,0,3,4,-1,291,1
35,0,26,52,8,0,3,4,-1,291,1
35,0,26,104,16,0,3,4,-1,291,1
35,0,26,156,24,0,3,4,-1,291,1
35,0,26,208,33,0,3,4,-1,291,1
35,0,26,260,41,0,3,4,-1,291,1
35,0,26,312,49,0,3,4,-1,291,1
35,0,26,364,57,0,3,4,-1,291,1
35,0,26,416,66,0,3,4,-1,291,1
35,0,26,468,74,0,3,4,-1,291,1
35,0,26,520,82,0,3,4,-1,291,1
35,0,26,572,91,0,3,4,-1,291,1
35,0,26,624,99,0,3,4,-1,291,1
35,0,26,676,107,0,3,4,-1,291,1
35,0,26,728,115,0,3,4,-1,291,1
35,0,26,780,124,0,3,4,-1,291,1
35,0,26,832,132,0,3,4,-1,291,1
35,0,26,884,140,0,3,4,-1,291,1
35,0,26,936,149,0,3,4,-1,291,1
35,0,26,988,157,1,3,4,-1,291,1
35,0,26,1040,165,1,3,4,-1,292,1
35,0,26,1040,165,0,3,4,-1,292,1
35,0,26,1040,165,0,3,4,-1,292,1
35,0,26,1040,165,0,3,4,-1,292,1
35,0,26,1040,165,0,3,4,-1,292,1
35,0,26,26,4,0,3,4,-1,292,1
35,0,26,78,12,0,3,4,-1,292,1
35,0,26,130,20,0,3,4,-1,292,1
35,0,26,182,28,0,3,4,-1,292,1
35,0,26,234,37,0,3,4,-1,292,1
35,0,26,286,45,0,3,4,-1,292,1
30,0,26,338,53,0,3,4,-1,292,1
30,0,26,390,62,0,3,4,-1,292,1
30,0,26,442,70,0,3,4,-1,292,1
30,0,26,494,78,0,3,4,-1,292,1
30,0,26,546,86,0,3,4,-1,292,1
30,0,26,598,95,0,3,4,-1,292,1
30,0,26,650,103,0,3,4,-1,292,1
30,0,26,702,111,0,3,4,-1,292,1
30,0,26,754,120,0,3,4,-1,292,1
30,0,26,806,128,0,3,4,-1,292,1
30,0,26,858,136,0,3,4,-1,292,1
30,0,26,910,144,0,3,4,-1,292,1
30,0,26,962,153,0,3,4,-1,292,1
30,0,26,1014,161,1,3,4,-1,293,1
30,0,26,1040,165,0,3,4,-1,293,1
30,0,26,1040,165,0,3,4,-1,293,1
30,0,26,1040,165,0,3,4,-1,293,1
30,0,26,1040,165,0,3,4,-1,293,1
30,0,26,1040,165,0,3,4,-1,293,1
30,0,26,52,8,0,3,4,-1,293,1
30,0,26,104,16,0,3,4,-1,293,1
30,0,26,156,24,0,3,4,-1,293,1
30,0,26,208,33,0,3,4,-1,293,1
30,0,26,260,41,0,3,4,-1,293,1
30,0,26,312,49,0,3,4,-1,293,1
30,0,26,364,57,0,3,4,-1,293,1
30,0,26,416,66,0,3,4,-1,293,1
30,0,26,468,74,0,3,4,-1,293,1
30,0,26,520,82,0,3,4,-1,293,1
30,0,26,572,91,0,3,4,-1,293,1
30,0,26,624,99,0,3,4,-1,293,1
30,0,26,676,107,0,3,4,-1,293,1
30,0,26,728,115,0,3,4,-1,293,1
30,0,26,780,124,0,3,4,-1,293,1
30,0,26,832,132,0,3,4,-1,293,1
30,0,26,884,140,0,3,4,-1,293,1
30,0,26,936,149,0,3,4,-1,293,1
30,0,26,988,157,1,3,4,-1,293,1
30,0,26,1040,165,1,3,4,-1,294,1
30,0,26,1040,165,0,3,4,-1,294,1
30,0,26,1040,165,0,3,4,-1,294,1
30,0,26,1040,165,0,3,4,-1,294,1
30,0,26,1040,165,0,3,4,-1,294,1
30,0,26,26,4,0,3,4,-1,294,1
30,0,26,78,12,0,3,4,-1,294,1
30,0,26,130,20,0,3,4,-1,294,1
30,0,26,182,28,0,3,4,-1,294,1
30,0,26,234,37,0,3,4,-1,294,1
30,0,26,286,45,0,3,4,-1,294,1
30,0,26,338,53,0,3,4,-1,294,1
30,0,26,390,62,0,3,4,-1,294,1
30,0,26,442,70,0,3,4,-1,294,1
30,0,26,494,78,0,3,4,-1,294,1
30,0,26,546,86,0,3,4,-1,294,1
30,0,26,598,95,0,3,4,-1,294,1
30,0,26,650,103,0,3,4,-1,294,1
30,0,26,702,111,0,3,4,-1,294,1
30,0,26,754,120,0,3,4,-1,294,1
30,0,26,806,128,0,3,4,-1,294,1
30,0,26,858,136,0,3,4,-1,294,1
30,0,26,910,144,0,3,4,-1,294,1
30,0,26,962,153,0,3,4,-1,294,1
30,0,26,1014,161,1,3,4,-1,295,1
30,0,26,1040,165,0,3,4,-1,295,1
30,0,26,1040,165,0,3,4,-1,295,1
30,0,26,1040,165,0,3,4,-1,295,1
30,0,26,1040,165,0,3,4,-1,295,1
30,0,26,1040,165,0,3,4,-1,295,1
30,0,26,52,8,0,3,4,-1,295,1
30,0,26,104,16,0,3,4,-1,295,1
25,0,26,156,24,0,3,4,-1,295,1
25,0,26,208,33,0,3,4,-1,295,1
25,0,26,260,41,0,3,4,-1,295,1
25,0,26,312,49,0,3,4,-1,295,1
25,0,26,364,57,0,3,4,-1,295,1
25,0,26,416,66,0,3,4,-1,295,1
25,0,26,468,74,0,3,4,-1,295,1
25,0,26,520,82,0,3,4,-1,295,1
25,0,26,572,91,0,3,4,-1,295,1
25,0,26,624,99,0,3,4,-1,295,1
25,0,26,676,107,0,3,4,-1,295,1
25,0,26,728,115,0,3,4,-1,295,1
25,0,26,780,124,0,3,4,-1,295,1
25,0,26,832,132,0,3,4,-1,295,1
25,0,26,884,140,0,3,4,-1,295,1
25,0,26,936,149,0,3,4,-1,295,1
25,0,26,988,157,1,3,4,-1,295,1
25,0,26,1040,165,1,3,4,-1,296,1
25,0,26,1040,165,0,3,4,-1,296,1
25,0,26,1040,165,0,3,4,-1,296,1
25,0,26,1040,165,0,3,4,-1,296,1
25,0,26,1040,165,0,3,4,-1,296,1
25,0,26,26,4,0,3,4,-1,296,1
25,0,26,78,12,0,3,4,-1,296,1
25,0,26,130,20,0,3,4,-1,296,1
25,0,26,182,28,0,3,4,-1,296,1
25,0,26,234,37,0,3,4,-1,296,1
25,0,26,286,45,0,3,4,-1,296,1
25,0,26,338,53,0,3,4,-1,296,1
25,0,26,390,62,0,3,4,-1,296,1
25,0,26,442,70,0,3,4,-1,296,1
25,0,26,494,78,0,3,4,-1,296,1
25,0,26,546,86,0,3,4,-1,296,1
25,0,26,598,95,0,3,4,-1,296,1
25,0,26,650,103,0,3,4,-1,296,1
25,0,26,702,111,0,3,4,-1,296,1
25,0,26,754,120,0,3,4,-1,296,1
25,0,26,806,128,0,3,4,-1,296,1
25,0,26,858,136,0,3,4,-1,296,1
25,0,26,910,144,0,3,4,-1,296,1
25,0,26,962,153,0,3,4,-1,296,1
25,0,26,1014,161,1,3,4,-1,297,1
25,0,26,1040,165,0,3,4,-1,297,1
25,0,26,1040,165,0,3,4,-1,297,1
25,0,26,1040,165,0,3,4,-1,297,1
25,0,26,1040,165,0,3,4,-1,297,1
25,0,26,1040,165,0,3,4,-1,297,1
25,0,26,52,8,0,3,4,-1,297,1
25,0,26,104,16,0,3,4,-1,297,1
25,0,26,156,24,0,3,4,-1,297,1
25,0,25,206,32,0,3,4,-1,297,1
25,0,25,256,40,0,3,4,-1,297,1
25,0,26,308,49,0,3,4,-1,297,1
25,0,25,359,57,0,3,4,-1,297,1
25,0,25,409,65,0,3,4,-1,297,1
25,0,26,461,73,0,3,4,-1,297,1
25,0,25,512,81,0,3,4,-1,297,1
25,0,25,562,89,0,3,4,-1,297,1
25,0,26,614,97,0,3,4,-1,297,1
25,0,25,665,105,0,3,4,-1,297,1
25,0,25,715,113,0,3,4,-1,297,1
25,0,26,767,122,0,3,4,-1,297,1
25,0,25,818,130,0,3,4,-1,297,1
25,0,26,869,138,0,3,4,-1,297,1
25,0,26,921,146,0,3,4,-1,297,1
25,0,26,973,155,0,3,4,-1,297,1
25,0,26,1024,163,1,3,4,-1,298,1
25,0,26,1024,163,0,3,4,-1,298,1
25,0,26,1024,163,0,3,4,-1,298,1
25,0,26,1024,163,0,3,4,-1,298,1
20,0,26,1024,163,0,3,4,-1,298,1
20,0,25,25,3,0,3,4,-1,298,1
20,0,25,75,11,0,3,4,-1,298,1
20,0,25,125,19,0,3,4,-1,298,1
20,0,25,175,27,0,3,4,-1,298,1
20,0,25,225,35,0,3,4,-1,298,1
20,0,25,275,43,0,3,4,-1,298,1
20,0,25,325,51,0,3,4,-1,298,1
20,0,25,375,59,0,3,4,-1,298,1
20,0,25,425,67,0,3,4,-1,298,1
20,0,25,475,75,0,3,4,-1,298,1
20,0,25,525,83,0,3,4,-1,298,1
20,0,25,575,91,0,3,4,-1,298,1
20,0,25,625,99,0,3,4,-1,298,1
20,0,25,675,107,0,3,4,-1,298,1
20,0,25,725,115,0,3,4,-1,298,1
20,0,25,775,123,0,3,4,-1,298,1
20,0,25,825,131,0,3,4,-1,298,1
20,0,25,875,139,0,3,4,-1,298,1
20,0,25,925,147,0,3,4,-1,298,1
20,0,25,975,155,0,3,4,-1,298,1
20,0,25,1025,163,1,3,4,-1,299,1
20,0,25,1025,163,0,3,4,-1,299,1
20,0,25,1025,163,0,3,4,-1,299,1
20,0,25,1025,163,0,3,4,-1,299,1
20,0,25,1025,163,0,3,4,-1,299,1
20,0,25,25,3,0,3,4,-1,299,1
20,0,25,75,11,0,3,4,-1,299,1
20,0,25,125,19,0,3,4,-1,299,1
20,0,25,175,27,0,3,4,-1,299,1
20,0,25,225,35,0,3,4,-1,299,1
20,0,25,275,43,0,3,4,-1,299,1
20,0,25,325,51,0,3,4,-1,299,1
20,0,25,375,59,0,3,4,-1,299,1
20,0,25,425,67,0,3,4,-1,299,1
20,0,25,475,75,0,3,4,-1,299,1
20,0,25,525,83,0,3,4,-1,299,1
20,0,25,575,91,0,3,4,-1,299,1
20,0,25,625,99,0,3,4,-1,299,1
20,0,25,675,107,0,3,4,-1,299,1
20,0,25,725,115,0,3,4,-1,299,1
20,0,25,775,123,0,3,4,-1,299,1
20,0,25,825,131,0,3,4,-1,299,1
20,0,25,875,139,0,3,4,-1,299,1
20,0,25,925,147,0,3,4,-1,299,1
20,0,25,975,155,0,3,4,-1,299,1
20,0,25,1025,163,1,3,4,-1,300,1
20,0,25,1025,163,0,3,4,-1,300,1
20,0,25,1025,163,0,3,4,-1,300,1
20,0,25,1025,163,0,3,4,-1,300,1
20,0,25,1025,163,0,3,4,-1,300,1
20,0,25,25,3,0,3,4,-1,300,1
20,0,25,75,11,0,3,4,-1,300,1
20,0,25,125,19,0,3,4,-1,300,1
20,0,25,175,27,0,3,4,-1,300,1
20,0,25,225,35,0,3,4,-1,300,1
20,0,25,275,43,0,3,4,-1,300,1
20,0,25,325,51,0,3,4,-1,300,1
20,0,25,375,59,0,3,4,-1,300,1
20,0,25,425,67,0,3,4,-1,300,1
20,0,25,475,75,0,3,4,-1,300,1
20,0,25,525,83,0,3,4,-1,300,1
20,0,25,575,91,0,3,4,-1,300,1
20,0,25,625,99,0,3,4,-1,300,1
20,0,25,675,107,0,3,4,-1,300,1
20,0,25,725,115,0,3,4,-1,300,1
20,0,25,775,123,0,3,4,-1,300,1
20,0,25,825,131,0,3,4,-1,300,1
20,0,25,875,139,0,3,4,-1,300,1
20,0,25,925,147,0,3,4,-1,300,1
15,0,25,975,155,0,3,4,-1,300,1
15,0,25,1025,163,1,3,4,-1,301,1
15,0,25,1025,163,0,3,4,-1,301,1
15,0,25,1025,163,0,3,4,-1,301,1
15,0,25,1025,163,0,3,4,-1,301,1
15,0,25,1025,163,0,3,4,-1,301,1
15,0,25,25,3,0,3,4,-1,301,1
15,0,25,75,11,0,3,4,-1,301,1
15,0,25,125,19,0,3,4,-1,301,1
15,0,25,175,27,0,3,4,-1,301,1
15,0,25,225,35,0,3,4,-1,301,1
15,0,25,275,43,0,3,4,-1,301,1
15,0,25,325,51,0,3,4,-1,301,1
15,0,25,375,59,0,3,4,-1,301,1
15,0,25,425,67,0,3,4,-1,301,1
15,0,25,475,75,0,3,4,-1,301,1
15,0,25,525,83,0,3,4,-1,301,1
15,0,25,575,91,0,3,4,-1,301,1
15,0,25,625,99,0,3,4,-1,301,1
15,0,25,675,107,0,3,4,-1,301,1
15,0,25,725,115,0,3,4,-1,301,1
15,0,25,775,123,0,3,4,-1,301,1
15,0,25,825,131,0,3,4,-1,301,1
15,0,25,875,139,0,3,4,-1,301,1
15,0,25,925,147,0,3,4,-1,301,1
15,0,25,975,155,0,3,4,-1,301,1
15,0,25,1025,163,1,3,4,-1,302,1
15,0,25,1025,163,0,3,4,-1,302,1
15,0,25,1025,163,0,3,4,-1,302,1
15,0,25,1025,163,0,3,4,-1,302,1
15,0,25,1025,163,0,3,4,-1,302,1
15,0,25,25,3,0,3,4,-1,302,1
15,0,25,75,11,0,3,4,-1,302,1
15,0,25,125,19,0,3,4,-1,302,1
15,0,25,175,27,0,3,4,-1,302,1
15,0,25,225,35,0,3,4,-1,302,1
15,0,25,275,43,0,3,4,-1,302,1
15,0,25,325,51,0,3,4,-1,302,1
15,0,25,375,59,0,3,4,-1,302,1
15,0,25,425,67,0,3,4,-1,302,1
15,0,25,475,75,0,3,4,-1,302,1
15,0,25,525,83,0,3,4,-1,302,1
15,0,25,575,91,0,3,4,-1,302,1
15,0,25,625,99,0,3,4,-1,302,1
15,0,25,675,107,0,3,4,-1,302,1
15,0,25,725,115,0,3,4,-1,302,1
15,0,25,775,123,0,3,4,-1,302,1
15,0,25,825,131,0,3,4,-1,302,1
15,0,25,875,139,0,3,4,-1,302,1
15,0,25,925,147,0,3,4,-1,302,1
15,0,25,975,155,0,3,4,-1,302,1
15,0,25,1025,163,1,3,4,-1,303,1
15,0,25,1025,163,0,3,4,-1,303,1
15,0,25,1025,163,0,3,4,-1,303,1
15,0,25,1025,163,0,3,4,-1,303,1
15,0,25,1025,163,0,3,4,-1,303,1
15,0,25,25,3,0,3,4,-1,303,1
15,0,25,75,11,0,3,4,-1,303,1
15,0,25,125,19,0,3,4,-1,303,1
15,0,25,175,27,0,3,4,-1,303,1
15,0,25,225,35,0,3,4,-1,303,1
15,0,25,275,43,0,3,4,-1,303,1
15,0,25,325,51,0,3,4,-1,303,1
15,0,25,375,59,0,3,4,-1,303,1
15,0,25,425,67,0,3,4,-1,303,1
15,0,25,475,75,0,3,4,-1,303,1
15,0,25,525,83,0,3,4,-1,303,1
15,0,25,575,91,0,3,4,-1,303,1
15,0,25,625,99,0,3,4,-1,303,1
15,0,25,675,107,0,3,4,-1,303,1
10,0,26,726,115,0,3,4,-1,303,1
10,0,29,784,124,0,3,4,-1,303,1
10,0,29,842,134,0,3,4,-1,303,1
10,0,29,900,143,0,3,4,-1,303,1
10,0,29,958,152,0,3,4,-1,303,1
10,0,29,1016,161,1,3,4,-1,303,1
10,0,29,1045,166,0,3,4,-1,304,1
10,0,29,1045,166,0,3,4,-1,304,1
10,0,29,1045,166,0,3,4,-1,304,1
10,0,29,1045,166,0,3,4,-1,304,1
10,0,29,1045,166,0,3,4,-1,304,1
10,0,29,58,9,0,3,4,-1,304,1
10,0,29,116,18,0,3,4,-1,304,1
10,0,29,174,27,0,3,4,-1,304,1
10,0,29,232,36,0,3,4,-1,304,1
10,0,29,290,46,0,3,4,-1,304,1
10,0,29,348,55,0,3,4,-1,304,1
10,0,29,406,64,0,3,4,-1,304,1
10,0,29,464,73,0,3,4,-1,304,1
10,0,29,522,83,0,3,4,-1,304,1
10,0,29,580,92,0,3,4,-1,304,1
10,0,29,638,101,0,3,4,-1,304,1
10,0,29,696,110,0,3,4,-1,304,1
10,0,29,754,120,0,3,4,-1,304,1
10,0,29,812,129,0,3,4,-1,304,1
10,0,29,870,138,0,3,4,-1,304,1
10,0,29,928,147,0,3,4,-1,304,1
10,0,29,986,157,0,3,4,-1,304,1
10,0,29,1044,166,1,3,4,-1,305,1
10,0,29,1044,166,0,3,4,-1,305,1
10,0,29,1044,166,0,3,4,-1,305,1
10,0,29,1044,166,0,3,4,-1,305,1
10,0,29,1044,166,0,3,4,-1,305,1
10,0,29,29,4,0,3,4,-1,305,1
10,0,29,87,13,0,3,4,-1,305,1
10,0,28,143,22,0,3,4,-1,305,1
10,0,29,201,32,0,3,4,-1,305,1
10,0,29,259,41,0,3,4,-1,305,1
10,0,28,315,50,0,3,4,-1,305,1
10,0,29,373,59,0,3,4,-1,305,1
10,0,29,431,68,0,3,4,-1,305,1
10,0,28,488,77,0,3,4,-1,305,1
10,0,29,546,86,0,3,4,-1,305,1
10,0,29,604,96,0,3,4,-1,305,1
10,0,29,662,105,0,3,4,-1,305,1
10,0,29,720,114,0,3,4,-1,305,1
10,0,29,778,123,0,3,4,-1,305,1
10,0,29,836,133,0,3,4,-1,305,1
10,0,28,892,142,0,3,4,-1,305,1
10,0,28,948,151,0,3,4,-1,305,1
10,0,29,1005,160,1,3,4,-1,305,1
10,0,29,1034,164,0,3,4,-1,306,1
10,0,29,1034,164,0,3,4,-1,306,1
10,0,29,1034,164,0,3,4,-1,306,1
10,0,29,1034,164,0,3,4,-1,306,1
10,0,29,1034,164,0,3,4,-1,306,1
10,0,29,57,9,0,3,4,-1,306,1
10,0,28,114,18,0,3,4,-1,306,1
10,0,28,170,27,0,3,4,-1,306,1
10,0,29,227,36,0,3,4,-1,306,1
10,0,28,284,45,0,3,4,-1,306,1
10,0,28,340,54,0,3,4,-1,306,1
10,0,29,398,63,0,3,4,-1,306,1
10,0,29,456,72,0,3,4,-1,306,1
10,0,28,512,81,0,3,4,-1,306,1
10,0,29,570,90,0,3,4,-1,306,1
10,0,29,628,100,0,3,4,-1,306,1
10,0,28,684,108,0,3,4,-1,306,1
10,0,29,742,118,0,3,4,-1,306,1
10,0,29,800,127,0,3,4,-1,306,1
5,0,31,860,137,0,3,4,-1,306,1
5,0,34,928,147,0,3,4,-1,306,1
5,0,34,996,158,1,3,4,-1,306,1
5,0,34,1030,164,0,3,4,-1,307,1
5,0,34,1030,164,0,3,4,-1,307,1
5,0,34,1030,164,0,3,4,-1,307,1
5,0,34,1030,164,0,3,4,-1,307,1
5,0,34,1030,164,0,3,4,-1,307,1
5,0,34,68,10,0,3,4,-1,307,1
5,0,34,136,21,0,3,4,-1,307,1
5,0,34,204,32,0,3,4,-1,307,1
5,0,34,272,43,0,3,4,-1,307,1
5,0,34,340,54,0,3,4,-1,307,1
5,0,34,408,65,0,3,4,-1,307,1
5,0,34,476,75,0,3,4,-1,307,1
5,0,34,544,86,0,3,4,-1,307,1
5,0,34,612,97,0,3,4,-1,307,1
5,0,34,680,108,0,3,4,-1,307,1
5,0,34,748,119,0,3,4,-1,307,1
5,0,34,816,130,0,3,4,-1,307,1
5,0,34,884,140,0,3,4,-1,307,1
5,0,34,952,151,0,3,4,-1,307,1
5,0,34,1020,162,1,3,4,-1,307,1
5,0,34,1054,167,0,3,4,-1,308,1
5,0,34,1054,167,0,3,4,-1,308,1
5,0,34,1054,167,0,3,4,-1,308,1
5,0,34,1054,167,0,3,4,-1,308,1
5,0,34,1054,167,0,3,4,-1,308,1
5,0,34,68,10,0,3,4,-1,308,1
5,0,34,136,21,0,3,4,-1,308,1
5,0,34,204,32,0,3,4,-1,308,1
5,0,34,272,43,0,3,4,-1,308,1
5,0,34,340,54,0,3,4,-1,308,1
5,0,34,408,65,0,3,4,-1,308,1
5,0,34,476,75,0,3,4,-1,308,1
5,0,34,544,86,0,3,5,-2,308,1
5,0,34,612,97,0,3,5,-2,308,1
5,0,34,680,108,0,3,5,-2,308,1
5,0,34,748,119,0,3,5,-2,308,1
5,0,34,816,130,0,3,5,-2,308,1
5,0,34,884,140,0,3,5,-2,308,1
5,0,34,952,151,0,3,5,-2,308,1
5,0,34,1020,162,1,3,5,-2,308,1
5,0,34,1054,167,0,3,5,-2,309,1
5,0,34,1054,167,0,3,5,-2,309,1
5,0,34,1054,167,0,3,5,-2,309,1
5,0,34,1054,167,0,3,5,-2,309,1
5,0,34,1054,167,0,3,5,-2,309,1
5,0,34,68,10,0,3,5,-2,309,1
5,0,34,136,21,0,3,5,-2,309,1
5,0,34,204,32,0,3,5,-2,309,1
5,0,34,272,43,0,3,5,-2,309,1
5,0,34,340,54,0,3,5,-2,309,1
5,0,34,408,65,0,3,5,-2,309,1
5,0,34,476,75,0,3,5,-2,309,1
5,0,34,544,86,0,3,5,-2,309,1
5,0,34,612,97,0,3,5,-2,309,1
5,0,34,680,108,0,3,5,-2,309,1
5,0,33,746,118,0,3,5,-2,309,1
5,0,33,812,129,0,3,5,-2,309,1
5,0,27,869,138,0,3,5,-2,309,1
5,0,25,920,146,0,3,5,-2,309,1
5,0,25,970,154,0,3,5,-2,309,1
5,0,25,1020,162,1,3,5,-2,310,1
5,0,25,1045,166,0,3,5,-2,310,1
5,0,25,1045,166,0,3,5,-2,310,1
5,0,25,1045,166,0,3,5,-2,310,1
5,0,25,1045,166,0,3,5,-2,310,1
5,0,25,1045,166,0,3,5,-2,310,1
5,0,25,50,7,0,3,5,-2,310,1
0,0,26,101,16,0,3,5,-2,310,1
0,0,27,155,24,0,3,5,-2,310,1
0,0,27,209,33,0,3,5,-2,310,1
0,0,27,263,41,0,3,5,-2,310,1
0,0,27,317,50,0,3,5,-2,310,1
0,0,27,371,59,0,3,5,-2,310,1
0,0,27,425,67,0,3,5,-2,310,1
0,0,27,479,76,0,3,5,-2,310,1
0,0,27,533,84,0,3,5,-2,310,1
0,0,27,587,93,0,3,5,-2,310,1
0,0,27,641,102,0,3,5,-2,310,1
0,0,27,695,110,0,3,5,-2,310,1
0,0,27,749,119,0,3,5,-2,310,1
0,0,27,803,127,0,3,5,-2,310,1
0,0,27,857,136,0,3,5,-2,310,1
0,0,27,911,145,0,3,5,-2,310,1
0,0,27,965,153,0,3,5,-2,310,1
0,0,27,1019,162,1,3,5,-2,311,1
0,0,27,1046,166,0,3,5,-2,311,1
0,0,27,1046,166,0,3,5,-2,311,1
0,0,27,1046,166,0,3,5,-2,311,1
0,0,27,1046,166,0,3,5,-2,311,1
0,0,27,1046,166,0,3,5,-2,311,1
0,0,27,54,8,0,3,5,-2,311,1
0,0,27,108,17,0,3,5,-2,311,1
0,0,27,162,25,0,3,5,-2,311,1
0,0,27,216,34,0,3,5,-2,311,1
0,0,27,270,43,0,3,5,-2,311,1
0,0,27,324,51,0,3,5,-2,311,1
0,0,27,378,60,0,3,5,-2,311,1
0,0,27,432,68,0,3,5,-2,311,1
0,0,27,486,77,0,3,5,-2,311,1
0,0,27,540,86,0,3,5,-2,311,1
0,0,27,594,94,0,3,5,-2,311,1
0,0,27,648,103,0,3,5,-2,311,1
0,0,27,702,111,0,3,5,-2,311,1
0,0,27,756,120,0,3,5,-2,311,1
0,0,27,810,129,0,3,5,-2,311,1
0,0,27,864,137,0,3,5,-2,311,1
0,0,27,918,146,0,3,5,-2,311,1
0,0,27,972,154,0,3,5,-2,311,1
0,0,27,1026,163,1,3,5,-2,312,1
0,0,27,1026,163,0,3,5,-2,312,1
0,0,27,1026,163,0,3,5,-2,312,1
0,0,27,1026,163,0,3,5,-2,312,1
0,0,27,1026,163,0,3,5,-2,312,1
0,0,27,27,4,0,3,5,-2,312,1
0,0,27,81,12,0,3,5,-2,312,1
0,0,27,135,21,0,3,5,-2,312,1
0,0,27,189,30,0,3,5,-2,312,1
0,0,27,243,38,0,3,5,-2,312,1
0,0,27,297,47,0,3,5,-2,312,1
0,0,27,351,55,0,3,5,-2,312,1
0,0,27,405,64,0,3,5,-2,312,1
0,0,27,459,73,0,3,5,-2,312,1
0,0,27,513,81,0,3,5,-2,312,1
0,0,27,567,90,0,3,5,-2,312,1
0,0,27,621,98,0,3,5,-2,312,1
0,0,27,675,107,0,3,5,-2,312,1
0,0,27,729,116,0,3,5,-2,312,1
0,0,27,783,124,0,3,5,-2,312,1
0,0,27,837,133,0,3,5,-2,312,1
0,0,27,891,141,0,3,5,-2,312,1
0,0,27,945,150,0,3,5,-2,312,1
0,0,27,999,159,1,3,5,-2,312,1
0,0,27,1026,163,0,3,5,-2,313,1
0,0,27,1026,163,0,3,5,-2,313,1
0,0,27,1026,163,0,3,5,-2,313,1
0,0,27,1026,163,0,3,5,-2,313,1
0,0,27,1026,163,0,3,5,-2,313,1
0,0,27,53,8,0,3,5,-2,313,1
0,0,26,106,16,0,3,5,-2,313,1
0,0,27,159,25,0,3,5,-2,313,1
0,0,27,213,33,0,3,5,-2,313,1
0,0,26,266,42,0,3,5,-2,313,1
0,0,27,319,50,0,3,5,-2,313,1
0,0,27,373,59,0,3,5,-2,313,1
0,0,27,427,68,0,3,5,-2,313,1
0,0,27,480,76,0,3,5,-2,313,1
0,0,27,534,85,0,3,5,-2,313,1
0,0,27,588,93,0,3,5,-2,313,1
0,0,27,641,102,0,3,5,-2,313,1
0,0,27,695,110,0,3,5,-2,313,1
0,0,26,748,119,0,3,5,-2,313,1
0,0,26,800,127,0,3,5,-2,313,1
0,0,26,852,135,0,3,5,-2,313,1
0,0,26,904,144,0,3,5,-2,313,1
0,0,26,956,152,0,3,5,-2,313,1
0,0,26,1008,160,1,3,5,-2,313,1
0,0,26,1034,164,0,3,5,-2,314,1
0,0,26,1034,164,0,3,5,-2,314,1
0,0,26,1034,164,0,3,5,-2,314,1
0,0,26,1034,164,0,3,5,-2,314,1
0,0,26,1034,164,0,3,5,-2,314,1
0,0,26,52,8,0,3,5,-2,314,1
0,0,26,104,16,0,3,5,-2,314,1
0,0,26,156,24,0,3,5,-2,314,1
0,0,26,208,33,0,3,5,-2,314,1
0,0,26,260,41,0,3,5,-2,314,1
0,0,26,312,49,0,3,5,-2,314,1
0,0,26,364,57,0,3,5,-2,314,1
0,0,26,416,66,0,3,5,-2,314,1
0,0,26,468,74,0,3,5,-2,314,1
0,0,26,520,82,0,3,5,-2,314,1
0,0,26,572,91,0,3,5,-2,314,1
0,0,26,624,99,0,3,5,-2,314,1
0,0,26,676,107,0,3,5,-2,314,1
0,0,26,728,115,0,3,5,-2,314,1
0,0,26,780,124,0,3,5,-2,314,1
0,0,26,832,132,0,3,5,-2,314,1
0,0,26,884,140,0,3,5,-2,314,1
0,0,26,936,149,0,3,5,-2,314,1
0,0,26,988,157,1,3,5,-2,314,1
0,0,26,1040,165,1,3,5,-2,315,1
0,0,26,1040,165,0,3,5,-2,315,1
0,0,26,1040,165,0,3,5,-2,315,1
0,0,26,1040,165,0,3,5,-2,315,1
0,0,26,1040,165,0,3,5,-2,315,1
0,0,26,26,4,0,3,5,-2,315,1
0,0,26,78,12,0,3,5,-2,315,1
0,0,26,130,20,0,3,5,-2,315,1
0,0,26,182,28,0,3,5,-2,315,1
0,0,26,234,37,0,3,5,-2,315,1
0,0,26,286,45,0,3,5,-2,315,1
0,0,26,338,53,0,3,5,-2,315,1
0,0,26,390,62,0,3,5,-2,315,1
0,0,26,442,70,0,3,5,-2,315,1
0,0,26,494,78,0,3,5,-2,315,1
0,0,26,546,86,0,3,5,-2,315,1
0,0,26,598,95,0,3,5,-2,315,1
0,0,26,650,103,0,3,5,-2,315,1
0,0,26,702,111,0,3,5,-2,315,1
0,0,26,754,120,0,3,5,-2,315,1
0,0,26,806,128,0,3,5,-2,315,1
0,0,26,858,136,0,3,5,-2,315,1
0,0,26,910,144,0,3,5,-2,315,1
0,0,26,962,153,0,3,5,-2,315,1
0,0,26,1014,161,1,3,5,-2,316,1
0,0,26,1040,165,0,3,5,-2,316,1
0,0,26,1040,165,0,3,5,-2,316,1
0,0,26,1040,165,0,3,5,-2,316,1
0,0,26,1040,165,0,3,5,-2,316,1
0,0,26,1040,165,0,3,5,-2,316,1
0,0,26,52,8,0,3,5,-2,316,1
0,0,26,104,16,0,3,5,-2,316,1
0,0,26,156,24,0,3,5,-2,316,1
0,0,26,208,33,0,3,5,-2,316,1
0,0,26,260,41,0,3,5,-2,316,1
0,0,26,312,49,0,3,5,-2,316,1
0,0,26,364,57,0,3,5,-2,316,1
0,0,26,416,66,0,3,5,-2,316,1
0,0,26,468,74,0,3,5,-2,316,1
0,0,26,520,82,0,3,5,-2,316,1
0,0,26,572,91,0,3,5,-2,316,1
0,0,26,624,99,0,3,5,-2,316,1
0,0,26,676,107,0,3,5,-2,316,1
0,0,26,728,115,0,3,5,-2,316,1
0,0,26,780,124,0,3,5,-2,316,1
0,0,26,832,132,0,3,5,-2,316,1
0,0,26,884,140,0,3,5,-2,316,1
0,0,26,936,149,0,3,5,-2,316,1
0,0,26,988,157,1,3,5,-2,316,1
0,0,26,1040,165,1,3,5,-2,317,1
0,0,26,1040,165,0,3,5,-2,317,1
0,0,26,1040,165,0,3,5,-2,317,1
0,0,26,1040,165,0,3,5,-2,317,1
0,0,26,1040,165,0,3,4,-1,317,1
0,0,26,26,4,0,3,4,-1,317,1
0,0,26,78,12,0,3,4,-1,317,1
0,0,26,130,20,0,3,4,-1,317,1
0,0,26,182,28,0,3,4,-1,317,1
0,0,26,234,37,0,3,4,-1,317,1
0,0,26,286,45,0,3,4,-1,317,1
0,0,26,338,53,0,3,4,-1,317,1
0,0,26,390,62,0,3,4,-1,317,1
0,0,26,442,70,0,3,4,-1,317,1
0,0,26,494,78,0,3,4,-1,317,1
0,0,26,546,86,0,3,4,-1,317,1
0,0,26,598,95,0,3,4,-1,317,1
0,0,26,650,103,0,3,4,-1,317,1
0,0,26,702,111,0,3,4,-1,317,1
0,0,26,754,120,0,3,4,-1,317,1
0,0,26,806,128,0,3,4,-1,317,1
0,0,26,858,136,0,3,4,-1,317,1
0,0,26,910,144,0,3,4,-1,317,1
0,0,26,962,153,0,3,4,-1,317,1
0,0,26,1014,161,1,3,4,-1,317,1
0,0,26,1040,165,0,3,4,-1,318,1
0,0,26,1040,165,0,3,4,-1,318,1
0,0,26,1040,165,0,3,4,-1,318,1
0,0,26,1040,165,0,3,4,-1,318,1
0,0,26,1040,165,0,3,4,-1,318,1
0,0,26,52,8,0,3,4,-1,318,1
0,0,26,104,16,0,3,4,-1,318,1
0,0,26,156,24,0,3,4,-1,318,1
0,0,26,208,33,0,3,4,-1,318,1
0,0,26,260,41,0,3,4,-1,318,1
0,0,26,312,49,0,3,4,-1,318,1
0,0,26,364,57,0,3,4,-1,318,1
0,0,26,416,66,0,3,4,-1,318,1
0,0,26,468,74,0,3,4,-1,318,1
0,0,26,520,82,0,3,4,-1,318,1
0,0,26,572,91,0,3,4,-1,318,1
0,0,26,624,99,0,3,4,-1,318,1
0,0,26,676,107,0,3,4,-1,318,1
0,0,26,728,115,0,3,4,-1,318,1
0,0,26,780,124,0,3,4,-1,318,1
0,0,26,832,132,0,3,4,-1,318,1
0,0,26,884,140,0,3,4,-1,318,1
0,0,26,936,149,0,3,4,-1,318,1
0,0,26,988,157,1,3,4,-1,318,1
0,0,26,1040,165,1,3,4,-1,319,1
0,0,26,1040,165,0,3,4,-1,319,1
0,0,26,1040,165,0,3,4,-1,319,1
0,0,26,1040,165,0,3,4,-1,319,1
0,0,26,1040,165,0,3,4,-1,319,1
0,0,26,26,4,0,3,4,-1,319,1
0,0,26,78,12,0,3,4,-1,319,1
0,0,26,130,20,0,3,4,-1,319,1
0,0,26,182,28,0,3,4,-1,319,1
0,0,26,234,37,0,3,4,-1,319,1
0,0,26,286,45,0,3,4,-1,319,1
0,0,26,338,53,0,3,4,-1,319,1
0,0,26,390,62,0,3,4,-1,319,1
0,0,26,442,70,0,3,4,-1,319,1
0,0,26,494,78,0,3,4,-1,319,1
0,0,26,546,86,0,3,4,-1,319,1
0,0,26,598,95,0,3,4,-1,319,1
0,0,26,650,103,0,3,4,-1,319,1
0,0,26,702,111,0,3,4,-1,319,1
0,0,26,754,120,0,3,4,-1,319,1
0,0,26,806,128,0,3,4,-1,319,1
0,0,26,858,136,0,3,4,-1,319,1
0,0,26,910,144,0,3,4,-1,319,1
0,0,26,962,153,0,3,4,-1,319,1
0,0,26,1014,161,1,3,4,-1,319,1
0,0,26,1040,165,0,3,4,-1,320,1
0,0,26,1040,165,0,3,4,-1,320,1
0,0,26,1040,165,0,3,4,-1,320,1
0,0,26,1040,165,0,3,4,-1,320,1
0,0,26,1040,165,0,3,4,-1,320,1
0,0,26,52,8,0,3,4,-1,320,1
0,0,26,104,16,0,3,4,-1,320,1
0,0,26,156,24,0,3,4,-1,320,1
0,0,26,208,33,0,3,4,-1,320,1
0,0,26,260,41,0,3,4,-1,320,1
0,0,26,312,49,0,3,4,-1,320,1
0,0,26,364,57,0,3,4,-1,320,1
0,0,26,416,66,0,3,4,-1,320,1
0,0,26,468,74,0,3,4,-1,320,1
0,0,26,520,82,0,3,4,-1,320,1
0,0,26,572,91,0,3,4,-1,320,1
0,0,26,624,99,0,3,4,-1,320,1
0,0,26,676,107,0,3,4,-1,320,1
0,0,26,728,115,0,3,4,-1,320,1
0,0,26,780,124,0,3,4,-1,320,1
0,0,26,832,132,0,3,4,-1,320,1
0,0,26,884,140,0,3,4,-1,320,1
0,0,26,936,149,0,3,4,-1,320,1
0,0,26,988,157,1,3,4,-1,320,1
0,0,26,1040,165,1,3,4,-1,321,1
0,0,26,1040,165,0,3,4,-1,321,1
0,0,26,1040,165,0,3,4,-1,321,1
0,0,26,1040,165,0,3,4,-1,321,1
0,0,26,1040,165,0,3,4,-1,321,1
0,0,27,27,4,0,3,4,-1,321,1
0,0,26,79,12,0,3,4,-1,321,1
0,0,26,131,20,0,3,4,-1,321,1
0,0,26,183,29,0,3,4,-1,321,1
0,0,26,235,37,0,3,4,-1,321,1
0,0,26,287,45,0,3,4,-1,321,1
0,0,26,339,54,0,3,4,-1,321,1
0,0,26,391,62,0,3,4,-1,321,1
0,0,26,443,70,0,3,4,-1,321,1
0,0,26,495,78,0,3,4,-1,321,1
0,0,26,547,87,0,3,4,-1,321,1
0,0,26,599,95,0,3,4,-1,321,1
0,0,26,651,103,0,3,4,-1,321,1
0,0,26,703,112,0,3,4,-1,321,1
0,0,26,755,120,0,3,4,-1,321,1
0,0,26,807,128,0,3,4,-1,321,1
0,0,26,859,136,0,3,4,-1,321,1
0,0,27,913,145,0,3,4,-1,321,1
0,0,27,967,154,0,3,4,-1,321,1
0,0,26,1019,162,1,3,4,-1,322,1
0,0,27,1046,166,0,3,4,-1,322,1
0,0,27,1046,166,0,3,4,-1,322,1
0,0,27,1046,166,0,3,4,-1,322,1
0,0,27,1046,166,0,3,4,-1,322,1
0,0,27,1046,166,0,3,4,-1,322,1
0,0,27,54,8,0,3,4,-1,322,1
0,0,27,108,17,0,3,4,-1,322,1
0,0,27,162,25,0,3,4,-1,322,1
0,0,27,216,34,0,3,4,-1,322,1
0,0,27,270,43,0,3,4,-1,322,1
0,0,27,323,51,0,3,4,-1,322,1
0,0,27,377,60,0,3,4,-1,322,1
0,0,27,431,68,0,3,4,-1,322,1
0,0,27,485,77,0,3,4,-1,322,1
0,0,27,539,85,0,3,4,-1,322,1
0,0,27,593,94,0,3,4,-1,322,1
0,0,27,647,103,0,3,4,-1,322,1
0,0,27,701,111,0,3,4,-1,322,1
0,0,27,755,120,0,3,4,-1,322,1
0,0,27,809,128,0,3,4,-1,322,1
0,0,27,863,137,0,3,4,-1,322,1
0,0,27,917,146,0,3,4,-1,322,1
0,0,27,971,154,0,3,4,-1,322,1
0,0,27,1025,163,1,3,4,-1,323,1
0,0,27,1025,163,0,3,4,-1,323,1
0,0,27,1025,163,0,3,4,-1,323,1
0,0,27,1025,163,0,3,4,-1,323,1
0,0,27,1025,163,0,3,4,-1,323,1
0,0,26,26,4,0,3,4,-1,323,1
0,0,26,79,12,0,3,4,-1,323,1
0,0,26,131,20,0,3,4,-1,323,1
0,0,27,185,29,0,3,4,-1,323,1
0,0,26,237,37,0,3,4,-1,323,1
0,0,26,289,46,0,3,4,-1,323,1
0,0,26,341,54,0,3,4,-1,323,1
0,0,26,393,62,0,3,4,-1,323,1
0,0,27,447,71,0,3,4,-1,323,1
0,0,27,501,79,0,3,4,-1,323,1
0,0,26,553,88,0,3,4,-1,323,1
0,0,26,605,96,0,3,4,-1,323,1
0,0,26,657,104,0,3,4,-1,323,1
0,0,26,709,112,0,3,4,-1,323,1
0,0,26,761,121,0,3,4,-1,323,1
0,0,26,813,129,0,3,4,-1,323,1
0,0,26,865,137,0,3,4,-1,323,1
0,0,26,917,146,0,3,4,-1,323,1
0,0,26,969,154,0,3,4,-1,323,1
0,0,34,1029,163,1,3,4,-1,324,1
0,0,34,1029,163,0,3,4,-1,324,1
0,0,34,1029,163,0,3,4,-1,324,1
0,0,34,1029,163,0,3,4,-1,324,1
0,0,34,1029,163,0,3,4,-1,324,1
0,0,35,35,5,0,3,4,-1,324,1
0,0,35,105,16,0,3,4,-1,324,1
0,0,35,175,27,0,3,4,-1,324,1
0,0,35,245,39,0,3,4,-1,324,1
0,0,35,315,50,0,3,4,-1,324,1
0,0,35,385,61,0,3,4,-1,324,1
0,0,35,455,72,0,3,4,-1,324,1
0,0,34,524,83,0,3,4,-1,324,1
0,0,27,585,93,0,3,4,-1,324,1
0,0,26,637,101,0,3,4,-1,324,1
0,0,26,689,109,0,3,4,-1,324,1
0,0,26,741,118,0,3,4,-1,324,1
0,0,26,793,126,0,3,4,-1,324,1
0,0,26,845,134,0,3,4,-1,324,1
0,0,26,897,142,0,3,4,-1,324,1
0,0,27,951,151,0,3,4,-1,324,1
0,0,34,1018,162,1,3,4,-1,324,1
0,0,34,1052,167,0,3,4,-1,325,1
0,0,34,1052,167,0,3,4,-1,325,1
0,0,34,1052,167,0,3,4,-1,325,1
0,0,34,1052,167,0,3,4,-1,325,1
0,0,34,1052,167,0,3,4,-1,325,1
0,0,34,68,10,0,3,4,-1,325,1
0,0,34,136,21,0,3,4,-1,325,1
0,0,34,204,32,0,3,4,-1,325,1
0,0,34,272,43,0,3,4,-1,325,1
0,0,34,340,54,0,3,4,-1,325,1
0,0,34,408,65,0,3,4,-1,325,1
0,0,34,476,75,0,3,4,-1,325,1
0,0,34,544,86,0,3,4,-1,325,1
0,0,34,612,97,0,3,4,-1,325,1
0,0,34,680,108,0,3,4,-1,325,1
0,0,34,748,119,0,3,4,-1,325,1
0,0,34,816,130,0,3,4,-1,325,1
0,0,34,884,140,0,3,4,-1,325,1
0,0,34,952,151,0,3,4,-1,325,1
0,0,34,1020,162,1,3,4,-1,325,1
0,0,34,1054,167,0,3,4,-1,326,1
0,0,34,1054,167,0,3,4,-1,326,1
0,0,34,1054,167,0,3,4,-1,326,1
0,0,34,1054,167,0,3,4,-1,326,1
0,0,34,1054,167,0,3,4,-1,326,1
0,0,34,68,10,0,3,4,-1,326,1
0,0,34,136,21,0,3,4,-1,326,1
0,0,34,204,32,0,3,4,-1,326,1
0,0,34,272,43,0,3,4,-1,326,1
0,0,34,340,54,0,3,4,-1,326,1
0,0,34,408,65,0,3,4,-1,326,1
0,0,34,476,75,0,3,4,-1,326,1
0,0,34,544,86,0,3,4,-1,326,1
0,0,34,612,97,0,3,4,-1,326,1
0,0,34,680,108,0,3,4,-1,326,1
0,0,34,748,119,0,3,4,-1,326,1
0,0,34,816,130,0,3,4,-1,326,1
0,0,35,885,141,0,3,4,-1,326,1
0,0,32,951,151,0,3,4,-1,326,1
0,0,26,1004,159,1,3,4,-1,326,1
0,0,26,1030,164,0,3,4,-1,327,1
0,0,26,1030,164,0,3,4,-1,327,1
0,0,26,1030,164,0,3,4,-1,327,1
0,0,26,1030,164,0,3,4,-1,327,1
0,0,26,1030,164,0,3,4,-1,327,1
0,0,35,70,11,0,3,4,-1,327,1
0,0,35,140,22,0,3,4,-1,327,1
0,0,35,210,33,0,3,4,-1,327,1
0,0,35,280,44,0,3,4,-1,327,1
0,0,35,350,55,0,3,4,-1,327,1
0,0,35,420,66,0,3,4,-1,327,1
0,0,35,490,78,0,3,4,-1,327,1
0,0,35,560,89,0,3,4,-1,327,1
0,0,35,630,100,0,3,4,-1,327,1
0,0,35,700,111,0,3,4,-1,327,1
0,0,35,770,122,0,3,4,-1,327,1
0,0,35,840,133,0,3,4,-1,327,1
0,0,35,909,144,0,3,4,-1,327,1
0,0,35,979,155,0,3,4,-1,327,1
0,0,34,1047,166,1,3,4,-1,328,1
0,0,34,1047,166,0,3,4,-1,328,1
0,0,34,1047,166,0,3,4,-1,328,1
0,0,34,1047,166,0,3,4,-1,328,1
0,0,34,1047,166,0,3,4,-1,328,1
0,0,34,34,5,0,3,4,-1,328,1
0,0,34,102,16,0,3,4,-1,328,1
0,0,34,170,27,0,3,4,-1,328,1
0,0,34,238,37,0,3,4,-1,328,1
0,0,34,306,48,0,3,4,-1,328,1
0,0,34,374,59,0,3,4,-1,328,1
0,0,34,442,70,0,3,4,-1,328,1
0,0,34,510,81,0,3,4,-1,328,1
0,0,34,578,92,0,3,4,-1,328,1
0,0,34,646,102,0,3,4,-1,328,1
0,0,34,714,113,0,3,4,-1,328,1
0,0,34,782,124,0,3,4,-1,328,1
0,0,34,850,135,0,3,4,-1,328,1
0,0,34,918,146,0,3,4,-1,328,1
0,0,34,986,157,0,3,4,-1,328,1
0,0,34,1054,167,1,3,4,-1,329,1
0,0,34,1054,167,0,3,4,-1,329,1
0,0,34,1054,167,0,3,4,-1,329,1
0,0,34,1054,167,0,3,4,-1,329,1
0,0,34,1054,167,0,3,4,-1,329,1
0,0,34,34,5,0,3,4,-1,329,1
0,0,34,102,16,0,3,4,-1,329,1
0,0,34,170,27,0,3,4,-1,329,1
0,0,34,238,37,0,3,4,-1,329,1
0,0,34,306,48,0,3,4,-1,329,1
0,0,31,370,58,0,3,4,-1,329,1
0,0,30,430,68,0,3,4,-1,329,1
0,0,28,487,77,0,3,4,-1,329,1
0,0,27,542,86,0,3,4,-1,329,1
0,0,26,594,94,0,3,4,-1,329,1
0,0,24,643,102,0,3,4,-1,329,1
0,0,23,689,109,0,3,4,-1,329,1
0,0,23,735,117,0,3,4,-1,329,1
0,0,24,783,124,0,3,4,-1,329,1
0,0,23,830,132,0,3,4,-1,329,1
0,0,24,877,139,0,3,4,-1,329,1
0,0,25,927,147,0,3,4,-1,329,1
0,0,24,976,155,0,3,4,-1,329,1
0,0,24,1024,163,1,3,4,-1,330,1
0,0,24,1024,163,0,3,4,-1,330,1
0,0,24,1024,163,0,3,4,-1,330,1
0,0,24,1024,163,0,3,4,-1,330,1
0,0,24,1024,163,0,3,4,-1,330,1
0,0,28,28,4,0,3,4,-1,330,1
0,0,29,86,13,0,3,4,-1,330,1
0,0,30,146,23,0,3,4,-1,330,1
0,0,31,208,33,0,3,4,-1,330,1
0,0,32,272,43,0,3,4,-1,330,1
0,0,32,336,53,0,3,4,-1,330,1
0,0,32,400,63,0,3,4,-1,330,1
0,0,32,464,73,0,3,5,-2,330,1
0,0,32,528,84,0,3,5,-2,330,1
0,0,32,592,94,0,3,5,-2,330,1
0,0,32,656,104,0,3,5,-2,330,1
0,0,32,720,114,0,3,5,-2,330,1
0,0,32,784,124,0,3,5,-2,330,1
0,0,32,848,135,0,3,5,-2,330,1
0,0,32,912,145,0,3,5,-2,330,1
0,0,32,976,155,0,3,5,-2,330,1
0,0,32,1040,165,1,3,5,-2,331,1
0,0,32,1040,165,0,3,5,-2,331,1
0,0,32,1040,165,0,3,5,-2,331,1
0,0,32,1040,165,0,3,5,-2,331,1
0,0,32,1040,165,0,3,5,-2,331,1
0,0,33,33,5,0,3,5,-2,331,1
0,0,33,98,15,0,3,5,-2,331,1
0,0,32,162,25,0,3,5,-2,331,1
0,0,32,226,36,0,3,5,-2,331,1
0,0,33,291,46,0,3,5,-2,331,1
0,0,32,355,56,0,3,5,-2,331,1
0,0,32,419,66,0,3,5,-2,331,1
0,0,33,484,77,0,3,5,-2,331,1
0,0,32,548,87,0,3,5,-2,331,1
0,0,32,612,97,0,3,5,-2,331,1
0,0,32,676,107,0,3,5,-2,331,1
0,0,32,740,117,0,3,5,-2,331,1
0,0,32,804,128,0,3,5,-2,331,1
0,0,32,868,138,0,3,5,-2,331,1
0,0,32,932,148,0,3,5,-2,331,1
0,0,32,996,158,0,3,5,-2,331,1
0,0,32,1028,163,0,3,5,-2,332,1
0,0,32,1028,163,0,3,5,-2,332,1
0,0,32,1028,163,0,3,5,-2,332,1
0,0,32,1028,163,0,3,5,-2,332,1
0,0,32,1028,163,0,3,5,-2,332,1
0,0,33,65,10,0,3,5,-2,332,1
0,0,33,131,20,0,3,5,-2,332,1
0,0,32,196,31,0,3,5,-2,332,1
0,0,32,260,41,0,3,5,-2,332,1
0,0,33,326,51,0,3,5,-2,332,1
0,0,33,392,62,0,3,5,-2,332,1
0,0,32,457,72,0,3,5,-2,332,1
0,0,33,523,83,0,3,5,-2,332,1
0,0,33,589,93,0,3,5,-2,332,1
0,0,33,655,104,0,3,5,-2,332,1
0,0,33,721,114,0,3,5,-2,332,1
0,0,33,787,125,0,3,5,-2,332,1
0,0,33,853,135,0,3,5,-2,332,1
0,0,33,919,146,0,3,5,-2,332,1
0,0,33,985,156,0,3,5,-2,332,1
0,0,33,1051,167,1,3,5,-2,333,1
0,0,33,1051,167,0,3,5,-2,333,1
0,0,33,1051,167,0,3,5,-2,333,1
0,0,33,1051,167,0,3,5,-2,333,1
0,0,33,1051,167,0,3,5,-2,333,1
0,0,30,30,4,0,3,5,-2,333,1
0,0,31,91,14,0,3,5,-2,333,1
0,0,30,152,24,0,3,5,-2,333,1
0,0,29,211,33,0,3,5,-2,333,1
0,0,29,269,42,0,3,5,-2,333,1
0,0,28,326,51,0,3,5,-2,333,1
0,0,28,382,60,0,3,5,-2,333,1
0,0,28,437,69,0,3,5,-2,333,1
0,0,27,491,78,0,3,5,-2,333,1
0,0,26,544,86,0,3,5,-2,333,1
0,0,26,596,94,0,3,5,-2,333,1
0,0,25,646,102,0,3,5,-2,333,1
0,0,24,695,110,0,3,5,-2,333,1
0,0,24,743,118,0,3,5,-2,333,1
0,0,24,791,126,0,3,5,-2,333,1
0,0,24,839,133,0,3,5,-2,333,1
0,0,25,888,141,0,3,5,-2,333,1
0,0,25,938,149,0,3,5,-2,333,1
0,0,25,988,157,0,3,5,-2,333,1
0,0,25,1038,165,1,3,5,-2,334,1
0,0,25,1038,165,0,3,5,-2,334,1
0,0,25,1038,165,0,3,5,-2,334,1
0,0,25,1038,165,0,3,5,-2,334,1
0,0,25,1038,165,0,3,5,-2,334,1
0,0,24,24,3,0,3,5,-2,334,1
0,0,24,72,11,0,3,5,-2,334,1
0,0,24,120,19,0,3,5,-2,334,1
0,0,24,168,26,0,3,5,-2,334,1
0,0,24,216,34,0,3,5,-2,334,1
0,0,24,264,42,0,3,5,-2,334,1
0,0,24,312,49,0,3,5,-2,334,1
0,0,24,360,57,0,3,5,-2,334,1
0,0,24,408,65,0,3,5,-2,334,1
0,0,24,456,72,0,3,5,-2,334,1
0,0,24,504,80,0,3,5,-2,334,1
0,0,24,552,87,0,3,5,-2,334,1
0,0,24,600,95,0,3,5,-2,334,1
0,0,24,648,103,0,3,5,-2,334,1
0,0,24,696,110,0,3,5,-2,334,1
0,0,24,744,118,0,3,5,-2,334,1
0,0,24,792,126,0,3,5,-2,334,1
0,0,24,840,133,0,3,5,-2,334,1
0,0,24,888,141,0,3,5,-2,334,1
0,0,24,936,149,0,3,5,-2,334,1
0,0,24,984,156,0,3,5,-2,334,1
0,0,24,1032,164,1,3,5,-2,335,1
0,0,24,1032,164,0,3,5,-2,335,1
0,0,24,1032,164,0,3,5,-2,335,1
0,0,24,1032,164,0,3,5,-2,335,1
0,0,24,1032,164,0,3,5,-2,335,1
0,0,24,24,3,0,3,5,-2,335,1
0,0,24,72,11,0,3,5,-2,335,1
0,0,24,120,19,0,3,5,-2,335,1
0,0,24,168,26,0,3,5,-2,335,1
0,0,24,216,34,0,3,5,-2,335,1
0,0,18,258,41,0,3,5,-2,335,1
0,0,14,287,45,0,3,5,-2,335,1
0,0,12,312,49,0,3,5,-2,335,1
0,0,12,336,53,0,3,5,-2,335,1
0,0,12,360,57,0,3,5,-2,335,1
0,0,12,384,61,0,3,5,-2,335,1
0,0,12,408,65,0,3,5,-2,335,1
0,0,12,432,68,0,3,5,-2,335,1
0,0,12,456,72,0,3,5,-2,335,1
0,0,12,480,76,0,3,5,-2,335,1
0,0,12,504,80,0,3,5,-2,335,1
0,0,12,528,84,0,3,5,-2,335,1
0,0,12,552,87,0,3,5,-2,335,1
0,0,12,576,91,0,3,5,-2,335,1
0,0,12,600,95,0,3,5,-2,335,1
0,0,12,624,99,0,3,5,-2,335,1
0,0,12,648,103,0,3,5,-2,335,1
0,0,12,672,107,0,3,5,-2,335,1
0,0,12,696,110,0,3,5,-2,335,1
0,0,12,720,114,0,3,5,-2,335,1
0,0,12,744,118,0,3,5,-2,335,1
0,0,12,768,122,0,3,5,-2,335,1
0,0,12,792,126,0,3,5,-2,335,1
0,0,12,816,130,0,3,5,-2,335,1
0,0,12,840,133,0,3,5,-2,335,1
0,0,12,864,137,0,3,5,-2,335,1
0,0,12,888,141,0,3,5,-2,335,1
0,0,12,912,145,0,3,5,-2,335,1
0,0,12,936,149,0,3,5,-2,335,1
0,0,12,960,152,0,3,5,-2,335,1
0,0,12,984,156,1,3,5,-2,335,1
0,0,12,1008,160,1,3,5,-2,336,1
0,0,12,1032,164,0,3,5,-2,336,1
0,0,12,1032,164,0,3,5,-2,336,1
0,0,12,1032,164,0,3,5,-2,336,1
0,0,12,1032,164,0,3,5,-2,336,1
0,0,12,1032,164,0,3,5,-2,336,1
0,0,12,12,1,0,3,5,-2,336,1
0,0,12,36,5,0,3,5,-2,336,1
0,0,12,60,9,0,3,5,-2,336,1
0,0,12,84,13,0,3,5,-2,336,1
0,0,12,108,17,0,3,5,-2,336,1
0,0,12,132,21,0,3,5,-2,336,1
0,0,12,156,24,0,3,5,-2,336,1
0,0,12,180,28,0,3,5,-2,336,1
0,0,12,204,32,0,3,5,-2,336,1
0,0,12,228,36,0,3,5,-2,336,1
0,0,12,252,40,0,3,5,-2,336,1
0,0,12,276,43,0,3,5,-2,336,1
0,0,12,300,47,0,3,5,-2,336,1
0,0,12,324,51,0,3,5,-2,336,1
0,0,12,348,55,0,3,5,-2,336,1
0,0,12,372,59,0,3,5,-2,336,1
0,0,12,396,63,0,3,5,-2,336,1
0,0,12,420,66,0,3,5,-2,336,1
0,0,12,444,70,0,3,5,-2,336,1
0,0,12,468,74,0,3,5,-2,336,1
0,0,12,492,78,0,3,5,-2,336,1
0,0,12,516,82,0,3,5,-2,336,1
0,0,12,540,86,0,3,5,-2,336,1
0,0,12,564,89,0,3,5,-2,336,1
0,0,12,588,93,0,3,5,-2,336,1
0,0,12,612,97,0,3,5,-2,336,1
0,0,12,636,101,0,3,5,-2,336,1
0,0,12,660,105,0,3,5,-2,336,1
0,0,12,684,108,0,3,5,-2,336,1
0,0,12,708,112,0,3,5,-2,336,1
0,0,12,732,116,0,3,5,-2,336,1
0,0,12,756,120,0,3,5,-2,336,1
0,0,12,780,124,0,3,5,-2,336,1
0,0,12,804,128,0,3,5,-2,336,1
0,0,12,828,131,0,3,5,-2,336,1
0,0,12,852,135,0,3,5,-2,336,1
0,0,12,876,139,0,3,5,-2,336,1
0,0,12,900,143,0,3,5,-2,336,1
0,0,12,924,147,0,3,5,-2,336,1
0,0,12,948,151,0,3,5,-2,336,1
0,0,12,972,154,0,3,5,-2,336,1
0,0,12,996,158,1,3,5,-2,337,1
0,0,12,1020,162,1,3,5,-2,337,1
0,0,12,1032,164,0,3,5,-2,337,1
0,0,12,1032,164,0,3,5,-2,337,1
0,0,12,1032,164,0,3,5,-2,337,1
0,0,12,1032,164,0,3,5,-2,337,1
0,0,12,1032,164,0,3,5,-2,337,1
0,0,12,24,3,0,3,5,-2,337,1
0,0,12,48,7,0,3,5,-2,337,1
0,0,12,72,11,0,3,5,-2,337,1
0,0,12,96,15,0,3,5,-2,337,1
0,0,12,120,19,0,3,5,-2,337,1
0,0,12,144,22,0,3,5,-2,337,1
0,0,12,168,26,0,3,2,1,337,-1
0,0,12,192,30,0,3,2,1,337,-1
0,0,12,216,34,0,3,2,1,337,-1
0,0,12,240,38,0,3,2,1,337,-1
0,0,12,264,42,0,3,2,1,337,-1
0,0,12,288,45,0,3,2,1,337,-1
0,0,12,312,49,0,3,2,1,337,-1
0,0,12,336,53,0,3,2,1,337,-1
0,0,12,360,57,0,3,2,1,337,-1
0,0,12,384,61,0,3,2,1,337,-1
0,0,12,408,65,0,3,2,1,337,-1
0,0,12,432,68,0,3,2,1,337,-1
0,0,12,456,72,0,3,2,1,337,-1
0,0,12,480,76,0,3,2,1,337,-1
0,0,12,504,80,0,3,2,1,337,-1
0,0,12,528,84,0,3,2,1,337,-1
0,0,12,552,87,0,3,2,1,337,-1
0,0,12,576,91,0,3,2,1,337,-1
0,0,12,600,95,0,3,2,1,337,-1
0,0,12,624,99,0,3,2,1,337,-1
0,0,12,648,103,0,3,2,1,337,-1
0,0,12,672,107,0,3,2,1,337,-1
0,0,12,696,110,0,3,2,1,337,-1
0,0,12,720,114,0,3,2,1,337,-1
0,0,12,744,118,0,3,2,1,337,-1
0,0,12,768,122,0,3,2,1,337,-1
0,0,12,792,126,0,3,2,1,337,-1
0,0,12,816,130,0,3,2,1,337,-1
0,0,12,840,133,0,3,2,1,337,-1
0,0,12,864,137,0,3,2,1,337,-1
0,0,12,888,141,0,3,2,1,337,-1
5,0,12,912,145,0,3,2,1,337,-1
5,0,12,936,149,0,3,2,1,337,-1
5,0,12,960,152,0,3,2,1,337,-1
5,0,12,984,156,1,3,2,1,337,-1
5,0,12,1008,160,1,3,2,1,338,-1
5,0,12,1032,164,0,3,2,1,338,-1
5,0,12,1032,164,0,3,2,1,338,-1
5,0,12,1032,164,0,3,2,1,338,-1
5,0,12,1032,164,0,3,2,1,338,-1
5,0,12,1032,164,0,3,2,1,338,-1
5,0,12,12,1,0,3,2,1,338,-1
5,0,12,36,5,0,3,2,1,338,-1
5,0,12,60,9,0,3,2,1,338,-1
5,0,12,84,13,0,3,2,1,338,-1
5,0,12,108,17,0,3,2,1,338,-1
5,0,12,132,21,0,3,2,1,338,-1
5,0,12,156,24,0,3,2,1,338,-1
5,0,12,180,28,0,3,2,1,338,-1
5,0,12,204,32,0,3,2,1,338,-1
5,0,12,228,36,0,3,2,1,338,-1
5,0,12,252,40,0,3,2,1,338,-1
5,0,12,276,43,0,3,2,1,338,-1
5,0,12,300,47,0,3,2,1,338,-1
5,0,12,324,51,0,3,2,1,338,-1
5,0,12,348,55,0,3,2,1,338,-1
5,0,12,372,59,0,3,2,1,338,-1
5,0,12,396,63,0,3,2,1,338,-1
5,0,12,420,66,0,3,2,1,338,-1
5,0,12,444,70,0,3,2,1,338,-1
5,0,12,468,74,0,3,2,1,338,-1
5,0,12,492,78,0,3,2,1,338,-1
5,0,12,516,82,0,3,2,1,338,-1
5,0,12,540,86,0,3,2,1,338,-1
5,0,12,564,89,0,3,2,1,338,-1
5,0,12,588,93,0,3,2,1,338,-1
5,0,12,612,97,0,3,2,1,338,-1
5,0,12,636,101,0,3,2,1,338,-1
5,0,12,660,105,0,3,2,1,338,-1
5,0,11,683,108,0,3,2,1,338,-1
5,0,12,707,112,0,3,2,1,338,-1
5,0,11,730,116,0,3,2,1,338,-1
5,0,11,752,119,0,3,2,1,338,-1
5,0,11,774,123,0,3,2,1,338,-1
5,0,11,796,126,0,3,2,1,338,-1
5,0,11,818,130,0,3,2,1,338,-1
5,0,11,840,133,0,3,2,1,338,-1
5,0,11,862,137,0,3,2,1,338,-1
5,0,11,884,140,0,3,2,1,338,-1
5,0,11,906,144,0,3,2,1,338,-1
5,0,11,929,148,0,3,2,1,338,-1
5,0,11,951,151,0,3,2,1,338,-1
5,0,11,973,155,1,3,2,1,338,-1
5,0,11,995,158,1,3,2,1,339,-1
5,0,12,1018,162,1,3,2,1,339,-1
5,0,11,1029,163,0,3,2,1,339,-1
5,0,11,1029,163,0,3,2,1,339,-1
5,0,11,1029,163,0,3,2,1,339,-1
5,0,11,1029,163,0,3,2,1,339,-1
5,0,11,1029,163,0,3,2,1,339,-1
5,0,11,22,3,0,3,2,1,339,-1
5,0,11,44,7,0,3,2,1,339,-1
5,0,11,66,10,0,3,2,1,339,-1
5,0,11,88,14,0,3,2,1,339,-1
5,0,11,110,17,0,3,2,1,339,-1
5,0,11,132,21,0,3,2,1,339,-1
5,0,11,154,24,0,3,2,1,339,-1
5,0,11,176,28,0,3,2,1,339,-1
5,0,11,198,31,0,3,2,1,339,-1
5,0,11,220,35,0,3,2,1,339,-1
5,0,11,242,38,0,3,2,1,339,-1
10,0,11,264,42,0,3,2,1,339,-1
10,0,11,286,45,0,3,2,1,339,-1
10,0,11,308,49,0,3,2,1,339,-1
10,0,11,330,52,0,3,2,1,339,-1
10,0,11,352,56,0,3,2,1,339,-1
10,0,11,374,59,0,3,2,1,339,-1
10,0,11,396,63,0,3,2,1,339,-1
10,0,11,418,66,0,3,2,1,339,-1
10,0,11,440,70,0,3,2,1,339,-1
10,0,11,462,73,0,3,2,1,339,-1
10,0,11,484,77,0,3,2,1,339,-1
10,0,11,506,80,0,3,2,1,339,-1
10,0,11,528,84,0,3,2,1,339,-1
10,0,11,550,87,0,3,2,1,339,-1
10,0,11,572,91,0,3,2,1,339,-1
10,0,11,594,94,0,3,2,1,339,-1
10,0,11,616,98,0,3,2,1,339,-1
10,0,11,638,101,0,3,2,1,339,-1
10,0,11,660,105,0,3,2,1,339,-1
10,0,11,682,108,0,3,2,1,339,-1
10,0,11,704,112,0,3,2,1,339,-1
10,0,11,726,115,0,3,2,1,339,-1
10,0,11,748,119,0,3,2,1,339,-1
10,0,11,770,122,0,3,2,1,339,-1
10,0,11,792,126,0,3,2,1,339,-1
10,0,11,814,129,0,3,2,1,339,-1
10,0,11,836,133,0,3,2,1,339,-1
10,0,11,858,136,0,3,2,1,339,-1
10,0,11,880,140,0,3,2,1,339,-1
10,0,11,902,143,0,3,2,1,339,-1
10,0,11,924,147,0,3,2,1,339,-1
10,0,11,946,150,0,3,2,1,339,-1
10,0,11,968,154,0,3,2,1,339,-1
10,0,11,990,157,1,3,2,1,340,-1
10,0,11,1012,161,1,3,2,1,340,-1
10,0,11,1023,163,0,3,2,1,340,-1
10,0,11,1023,163,0,3,2,1,340,-1
10,0,11,1023,163,0,3,2,1,340,-1
10,0,11,1023,163,0,3,2,1,340,-1
10,0,11,1023,163,0,3,2,1,340,-1
10,0,11,22,3,0,3,2,1,340,-1
10,0,11,44,7,0,3,2,1,340,-1
10,0,11,66,10,0,3,2,1,340,-1
10,0,11,88,14,0,3,2,1,340,-1
10,0,11,110,17,0,3,2,1,340,-1
10,0,11,132,21,0,3,2,1,340,-1
10,0,11,154,24,0,3,2,1,340,-1
10,0,11,176,28,0,3,2,1,340,-1
10,0,11,198,31,0,3,2,1,340,-1
10,0,11,220,35,0,3,2,1,340,-1
10,0,11,242,38,0,3,2,1,340,-1
10,0,11,264,42,0,3,2,1,340,-1
10,0,11,286,45,0,3,2,1,340,-1
10,0,11,308,49,0,3,2,1,340,-1
10,0,11,330,52,0,3,2,1,340,-1
10,0,11,352,56,0,3,2,1,340,-1
10,0,11,374,59,0,3,2,1,340,-1
10,0,11,396,63,0,3,2,1,340,-1
10,0,11,418,66,0,3,2,1,340,-1
10,0,11,440,70,0,3,2,1,340,-1
10,0,11,462,73,0,3,2,1,340,-1
10,0,11,484,77,0,3,2,1,340,-1
10,0,11,506,80,0,3,2,1,340,-1
10,0,11,528,84,0,3,2,1,340,-1
10,0,11,550,87,0,3,2,1,340,-1
10,0,11,572,91,0,3,2,1,340,-1
10,0,11,594,94,0,3,2,1,340,-1
10,0,11,616,98,0,3,2,1,340,-1
10,0,11,638,101,0,3,2,1,340,-1
10,0,11,660,105,0,3,2,1,340,-1
15,0,11,682,108,0,3,2,1,340,-1
15,0,11,704,112,0,3,2,1,340,-1
15,0,11,726,115,0,3,2,1,340,-1
15,0,11,748,119,0,3,2,1,340,-1
15,0,11,770,122,0,3,2,1,340,-1
15,0,11,792,126,0,3,2,1,340,-1
15,0,11,814,129,0,3,2,1,340,-1
15,0,11,836,133,0,3,2,1,340,-1
15,0,11,858,136,0,3,2,1,340,-1
15,0,11,880,140,0,3,2,1,340,-1
15,0,11,902,143,0,3,2,1,340,-1
15,0,11,924,147,0,3,2,1,340,-1
15,0,11,946,150,0,3,2,1,340,-1
15,0,11,968,154,0,3,2,1,340,-1
15,0,11,990,157,1,3,2,1,341,-1
15,0,11,1012,161,1,3,2,1,341,-1
15,0,11,1023,163,0,3,2,1,341,-1
15,0,11,1023,163,0,3,2,1,341,-1
15,0,11,1023,163,0,3,2,1,341,-1
15,0,11,1023,163,0,3,2,1,341,-1
15,0,11,1023,163,0,3,2,1,341,-1
15,0,11,22,3,0,3,2,1,341,-1
15,0,11,44,7,0,3,2,1,341,-1
15,0,12,67,10,0,3,2,1,341,-1
15,0,12,91,14,0,3,2,1,341,-1
15,0,12,115,18,0,3,2,1,341,-1
15,0,12,139,22,0,3,2,1,341,-1
15,0,12,163,25,0,3,2,1,341,-1
15,0,12,187,29,0,3,2,1,341,-1
15,0,12,211,33,0,3,2,1,341,-1
15,0,11,234,37,0,3,2,1,341,-1
15,0,11,256,40,0,3,2,1,341,-1
15,0,11,278,44,0,3,2,1,341,-1
15,0,11,300,47,0,3,2,1,341,-1
15,0,11,322,51,0,3,2,1,341,-1
15,0,11,344,54,0,3,2,1,341,-1
15,0,11,366,58,0,3,2,1,341,-1
15,0,11,388,61,0,3,2,1,341,-1
15,0,11,410,65,0,3,2,1,341,-1
15,0,11,432,68,0,3,2,1,341,-1
15,0,11,454,72,0,3,2,1,341,-1
15,0,11,476,75,0,3,2,1,341,-1
15,0,11,498,79,0,3,2,1,341,-1
15,0,11,520,82,0,3,2,1,341,-1
15,0,11,542,86,0,3,2,1,341,-1
15,0,11,564,89,0,3,2,1,341,-1
15,0,11,586,93,0,3,2,1,341,-1
15,0,11,608,96,0,3,2,1,341,-1
15,0,11,630,100,0,3,2,1,341,-1
15,0,11,652,103,0,3,2,1,341,-1
15,0,11,674,107,0,3,2,1,341,-1
15,0,11,696,110,0,3,2,1,341,-1
15,0,11,718,114,0,3,2,1,341,-1
15,0,11,740,117,0,3,2,1,341,-1
15,0,11,762,121,0,3,2,1,341,-1
15,0,11,784,124,0,3,2,1,341,-1
15,0,11,806,128,0,3,2,1,341,-1
15,0,11,828,131,0,3,2,1,341,-1
15,0,11,850,135,0,3,2,1,341,-1
15,0,11,872,138,0,3,2,1,341,-1
15,0,11,894,142,0,3,2,1,341,-1
15,0,11,916,145,0,3,2,1,341,-1
15,0,11,938,149,0,3,2,1,341,-1
15,0,11,960,152,0,3,2,1,341,-1
15,0,11,982,156,1,3,2,1,341,-1
15,0,11,1004,159,1,3,2,1,342,-1
15,0,11,1026,163,0,3,2,1,342,-1
15,0,11,1026,163,0,3,2,1,342,-1
15,0,11,1026,163,0,3,2,1,342,-1
15,0,11,1026,163,0,3,2,1,342,-1
20,0,11,1026,163,0,3,2,1,342,-1
20,0,11,11,1,0,3,2,1,342,-1
20,0,11,33,5,0,3,2,1,342,-1
20,0,11,55,8,0,3,2,1,342,-1
20,0,12,79,12,0,3,2,1,342,-1
20,0,14,106,16,0,3,2,1,342,-1
20,0,15,136,21,0,3,2,1,342,-1
20,0,15,166,26,0,3,2,1,342,-1
20,0,15,196,31,0,3,2,1,342,-1
20,0,15,226,36,0,3,2,1,342,-1
20,0,15,256,40,0,3,2,1,342,-1
20,0,15,286,45,0,3,2,1,342,-1
20,0,15,316,50,0,3,2,1,342,-1
20,0,15,346,55,0,3,2,1,342,-1
20,0,15,376,59,0,3,2,1,342,-1
20,0,15,406,64,0,3,2,1,342,-1
20,0,15,436,69,0,3,2,1,342,-1
20,0,15,466,74,0,3,2,1,342,-1
20,0,15,496,79,0,3,2,1,342,-1
20,0,15,526,83,0,3,2,1,342,-1
20,0,15,556,88,0,3,2,1,342,-1
20,0,15,586,93,0,3,2,1,342,-1
20,0,15,616,98,0,3,2,1,342,-1
20,0,15,646,102,0,3,2,1,342,-1
20,0,15,676,107,0,3,2,1,342,-1
20,0,15,706,112,0,3,2,1,342,-1
20,0,15,736,117,0,3,2,1,342,-1
20,0,15,766,122,0,3,2,1,342,-1
20,0,15,796,126,0,3,2,1,342,-1
20,0,15,826,131,0,3,2,1,342,-1
20,0,15,856,136,0,3,2,1,342,-1
20,0,15,886,141,0,3,2,1,342,-1
20,0,15,916,145,0,3,2,1,342,-1
20,0,15,946,150,0,3,2,1,342,-1
20,0,15,976,155,0,3,2,1,342,-1
20,0,15,1006,160,1,3,2,1,343,-1
20,0,15,1036,165,0,3,2,1,343,-1
20,0,15,1036,165,0,3,2,1,343,-1
20,0,15,1036,165,0,3,2,1,343,-1
20,0,15,1036,165,0,3,2,1,343,-1
20,0,15,1036,165,0,3,2,1,343,-1
20,0,14,14,2,0,3,2,1,343,-1
20,0,14,42,6,0,3,2,1,343,-1
20,0,14,70,11,0,3,2,1,343,-1
20,0,14,98,15,0,3,2,1,343,-1
20,0,14,126,20,0,3,2,1,343,-1
20,0,14,154,24,0,3,2,1,343,-1
20,0,14,182,28,0,3,2,1,343,-1
20,0,14,210,33,0,3,2,1,343,-1
20,0,14,238,37,0,3,2,1,343,-1
20,0,14,266,42,0,3,2,1,343,-1
20,0,14,294,46,0,3,2,1,343,-1
20,0,14,322,51,0,3,2,1,343,-1
20,0,14,350,55,0,3,2,1,343,-1
20,0,14,378,60,0,3,2,1,343,-1
20,0,14,406,64,0,3,2,1,343,-1
20,0,14,434,69,0,3,2,1,343,-1
20,0,14,462,73,0,3,2,1,343,-1
20,0,14,490,78,0,3,2,1,343,-1
20,0,14,518,82,0,3,2,1,343,-1
20,0,14,546,86,0,3,2,1,343,-1
20,0,15,575,91,0,3,2,1,343,-1
20,0,15,605,96,0,3,2,1,343,-1
20,0,14,634,101,0,3,2,1,343,-1
20,0,15,664,105,0,3,2,1,343,-1
20,0,15,694,110,0,3,2,1,343,-1
20,0,14,723,115,0,3,2,1,343,-1
20,0,15,753,119,0,3,2,1,343,-1
20,0,15,783,124,0,3,2,1,343,-1
20,0,15,813,129,0,3,2,1,343,-1
25,0,15,843,134,0,3,2,1,343,-1
25,0,15,873,139,0,3,2,1,343,-1
25,0,15,903,143,0,3,2,1,343,-1
25,0,15,933,148,0,3,2,1,343,-1
25,0,15,963,153,0,3,2,1,343,-1
25,0,15,993,158,1,3,2,1,344,-1
25,0,15,1023,163,1,3,2,1,344,-1
25,0,15,1023,163,0,3,2,1,344,-1
25,0,15,1023,163,0,3,2,1,344,-1
25,0,15,1023,163,0,3,2,1,344,-1
25,0,15,1023,163,0,3,2,1,344,-1
25,0,15,15,2,0,3,2,1,344,-1
25,0,15,45,7,0,3,2,1,344,-1
25,0,15,75,11,0,3,2,1,344,-1
25,0,15,105,16,0,3,2,1,344,-1
25,0,15,135,21,0,3,2,1,344,-1
25,0,15,165,26,0,3,2,1,344,-1
25,0,15,195,31,0,3,2,1,344,-1
25,0,15,225,35,0,3,2,1,344,-1
25,0,15,255,40,0,3,2,1,344,-1
25,0,15,285,45,0,3,2,1,344,-1
25,0,15,315,50,0,3,2,1,344,-1
25,0,15,345,54,0,3,2,1,344,-1
25,0,15,375,59,0,3,2,1,344,-1
25,0,15,405,64,0,3,2,1,344,-1
25,0,15,435,69,0,3,2,1,344,-1
25,0,15,465,74,0,3,2,1,344,-1
25,0,15,495,78,0,3,2,1,344,-1
25,0,15,525,83,0,3,2,1,344,-1
25,0,15,555,88,0,3,2,1,344,-1
25,0,15,585,93,0,3,2,1,344,-1
25,0,15,615,97,0,3,2,1,344,-1
25,0,15,645,102,0,3,2,1,344,-1
25,0,15,675,107,0,3,2,1,344,-1
25,0,15,705,112,0,3,2,1,344,-1
25,0,15,735,117,0,3,2,1,344,-1
25,0,15,765,121,0,3,2,1,344,-1
25,0,15,795,126,0,3,2,1,344,-1
25,0,15,825,131,0,3,2,1,344,-1
25,0,15,855,136,0,3,2,1,344,-1
25,0,15,885,141,0,3,2,1,344,-1
25,0,15,915,145,0,3,2,1,344,-1
25,0,15,945,150,0,3,2,1,344,-1
25,0,15,975,155,0,3,2,1,344,-1
25,0,15,1005,160,1,3,2,1,345,-1
25,0,15,1035,164,1,3,2,1,345,-1
25,0,15,1035,164,0,3,2,1,345,-1
25,0,15,1035,164,0,3,2,1,345,-1
25,0,15,1035,164,0,3,2,1,345,-1
25,0,15,1035,164,0,3,2,1,345,-1
25,0,15,15,2,0,3,2,1,345,-1
25,0,15,45,7,0,3,2,1,345,-1
25,0,15,75,11,0,3,2,1,345,-1
25,0,15,105,16,0,3,2,1,345,-1
25,0,15,135,21,0,3,2,1,345,-1
25,0,15,165,26,0,3,2,1,345,-1
25,0,15,195,31,0,3,2,1,345,-1
25,0,15,225,35,0,3,2,1,345,-1
25,0,15,255,40,0,3,2,1,345,-1
25,0,15,285,45,0,3,2,1,345,-1
25,0,15,315,50,0,3,2,1,345,-1
25,0,15,345,54,0,3,2,1,345,-1
25,0,15,375,59,0,3,2,1,345,-1
25,0,15,405,64,0,3,2,1,345,-1
25,0,15,435,69,0,3,2,1,345,-1
25,0,15,465,74,0,3,2,1,345,-1
25,0,15,495,78,0,3,2,1,345,-1
25,0,15,525,83,0,3,2,1,345,-1
25,0,15,555,88,0,3,2,1,345,-1
25,0,15,585,93,0,3,2,1,345,-1
30,0,15,615,97,0,3,2,1,345,-1
30,0,15,645,102,0,3,2,1,345,-1
30,0,15,675,107,0,3,2,1,345,-1
30,0,15,705,112,0,3,2,1,345,-1
30,0,15,735,117,0,3,2,1,345,-1
30,0,15,765,121,0,3,2,1,345,-1
30,0,15,795,126,0,3,2,1,345,-1
30,0,15,825,131,0,3,2,1,345,-1
30,0,15,855,136,0,3,2,1,345,-1
30,0,15,885,141,0,3,2,1,345,-1
30,0,15,915,145,0,3,2,1,345,-1
30,0,15,945,150,0,3,2,1,345,-1
30,0,15,975,155,0,3,2,1,345,-1
30,0,15,1005,160,1,3,2,1,346,-1
30,0,15,1035,164,0,3,2,1,346,-1
30,0,15,1035,164,0,3,2,1,346,-1
30,0,15,1035,164,0,3,2,1,346,-1
30,0,15,1035,164,0,3,2,1,346,-1
30,0,15,1035,164,0,3,2,1,346,-1
30,0,15,15,2,0,3,2,1,346,-1
30,0,15,45,7,0,3,2,1,346,-1
30,0,15,75,11,0,3,2,1,346,-1
30,0,15,105,16,0,3,3,0,346,0
30,0,15,135,21,0,3,3,0,346,0
30,0,15,165,26,0,3,3,0,346,0
30,0,15,195,31,0,3,3,0,346,0
30,0,15,225,35,0,3,3,0,346,0
30,0,15,255,40,0,3,3,0,346,0
30,0,15,285,45,0,3,3,0,346,0
30,0,15,315,50,0,3,3,0,346,0
30,0,15,345,54,0,3,3,0,346,0
30,0,15,375,59,0,3,3,0,346,0
30,0,15,405,64,0,3,3,0,346,0
30,0,15,435,69,0,3,3,0,346,0
30,0,15,465,74,0,3,3,0,346,0
30,0,15,495,78,0,3,3,0,346,0
30,0,15,525,83,0,3,3,0,346,0
30,0,15,555,88,0,3,3,0,346,0
30,0,15,585,93,0,3,3,0,346,0
30,0,15,615,97,0,3,3,0,346,0
30,0,15,645,102,0,3,3,0,346,0
30,0,15,675,107,0,3,3,0,346,0
30,0,15,705,112,0,3,3,0,346,0
30,0,15,735,117,0,3,3,0,346,0
30,0,15,765,121,0,3,3,0,346,0
30,0,15,795,126,0,3,3,0,346,0
30,0,15,825,131,0,3,3,0,346,0
30,0,15,855,136,0,3,3,0,346,0
30,0,15,885,141,0,3,3,0,346,0
30,0,15,915,145,0,3,3,0,346,0
30,0,15,945,150,0,3,3,0,346,0
30,0,15,975,155,0,3,3,0,346,0
30,0,15,1005,160,1,3,3,0,347,0
30,0,15,1035,164,0,3,3,0,347,0
30,0,15,1035,164,0,3,3,0,347,0
30,0,15,1035,164,0,3,3,0,347,0
30,0,15,1035,164,0,3,3,0,347,0
30,0,15,1035,164,0,3,3,0,347,0
30,0,15,15,2,0,3,3,0,347,0
30,0,15,45,7,0,3,3,0,347,0
30,0,15,75,11,0,3,3,0,347,0
30,0,15,105,16,0,3,3,0,347,0
30,0,15,135,21,0,3,3,0,347,0
30,0,15,165,26,0,3,3,0,347,0
30,0,15,195,31,0,3,3,0,347,0
30,0,15,225,35,0,3,3,0,347,0
30,0,15,255,40,0,3,3,0,347,0
30,0,15,285,45,0,3,3,0,347,0
30,0,15,315,50,0,3,3,0,347,0
30,0,15,345,54,0,3,3,0,347,0
30,0,15,375,59,0,3,3,0,347,0
30,0,15,405,64,0,3,3,0,347,0
30,0,15,435,69,0,3,3,0,347,0
30,0,15,465,74,0,3,3,0,347,0
30,0,15,495,78,0,3,3,0,347,0
30,0,15,525,83,0,3,3,0,347,0
30,0,15,555,88,0,3,3,0,347,0
30,0,15,585,93,0,3,3,0,347,0
30,0,15,615,97,0,3,3,0,347,0
30,0,15,645,102,0,3,3,0,347,0
30,0,15,675,107,0,3,3,0,347,0
30,0,15,705,112,0,3,3,0,347,0
30,0,15,735,117,0,3,3,0,347,0
30,0,15,765,121,0,3,3,0,347,0
30,0,15,795,126,0,3,3,0,347,0
30,0,15,825,131,0,3,3,0,347,0
30,0,15,855,136,0,3,3,0,347,0
30,0,15,885,141,0,3,3,0,347,0
30,0,15,915,145,0,3,3,0,347,0
30,0,15,945,150,0,3,3,0,347,0
30,0,15,975,155,0,3,3,0,347,0
30,0,15,1005,160,1,3,3,0,348,0
30,0,15,1035,164,0,3,3,0,348,0
30,0,15,1035,164,0,3,3,0,348,0
30,0,15,1035,164,0,3,3,0,348,0
30,0,15,1035,164,0,3,3,0,348,0
30,0,15,1035,164,0,3,3,0,348,0
30,0,15,15,2,0,3,3,0,348,0
30,0,15,45,7,0,3,3,0,348,0
30,0,15,75,11,0,3,3,0,348,0
30,0,15,105,16,0,3,3,0,348,0
30,0,15,135,21,0,3,3,0,348,0
30,0,15,165,26,0,3,3,0,348,0
30,0,15,195,31,0,3,3,0,348,0
30,0,15,225,35,0,3,3,0,348,0
30,0,15,255,40,0,3,3,0,348,0
30,0,15,285,45,0,3,3,0,348,0
30,0,15,315,50,0,3,3,0,348,0
30,0,15,345,54,0,3,3,0,348,0
30,0,15,375,59,0,3,3,0,348,0
30,0,15,405,64,0,3,3,0,348,0
30,0,15,435,69,0,3,3,0,348,0
30,0,15,465,74,0,3,3,0,348,0
30,0,15,495,78,0,3,3,0,348,0
30,0,15,525,83,0,3,3,0,348,0
30,0,15,555,88,0,3,3,0,348,0
30,0,15,585,93,0,3,3,0,348,0
30,0,15,615,97,0,3,3,0,348,0
30,0,15,645,102,0,3,3,0,348,0
30,0,15,675,107,0,3,3,0,348,0
30,0,15,705,112,0,3,3,0,348,0
30,0,15,735,117,0,3,3,0,348,0
30,0,15,765,121,0,3,3,0,348,0
30,0,15,795,126,0,3,2,1,348,-1
30,0,15,825,131,0,3,2,1,348,-1
30,0,15,855,136,0,3,2,1,348,-1
30,0,15,885,141,0,3,2,1,348,-1
30,0,15,915,145,0,3,2,1,348,-1
30,0,15,945,150,0,3,2,1,348,-1
30,0,15,975,155,0,3,2,1,348,-1
30,0,15,1005,160,1,3,2,1,349,-1
30,0,15,1035,164,0,3,2,1,349,-1
30,0,15,1035,164,0,3,2,1,349,-1
30,0,15,1035,164,0,3,2,1,349,-1
30,0,15,1035,164,0,3,2,1,349,-1
30,0,15,1035,164,0,3,2,1,349,-1
30,0,15,15,2,0,3,2,1,349,-1
30,0,15,45,7,0,3,2,1,349,-1
30,0,15,75,11,0,3,2,1,349,-1
30,0,15,105,16,0,3,2,1,349,-1
35,0,15,135,21,0,3,2,1,349,-1
35,0,15,165,26,0,3,2,1,349,-1
35,0,15,195,31,0,3,2,1,349,-1
35,0,15,225,35,0,3,2,1,349,-1
35,0,15,255,40,0,3,2,1,349,-1
35,0,15,285,45,0,3,2,1,349,-1
35,0,15,315,50,0,3,2,1,349,-1
35,0,15,345,54,0,3,2,1,349,-1
35,0,15,375,59,0,3,2,1,349,-1
35,0,15,405,64,0,3,2,1,349,-1
35,0,15,435,69,0,3,2,1,349,-1
35,0,15,465,74,0,3,2,1,349,-1
35,0,15,495,78,0,3,2,1,349,-1
35,0,15,525,83,0,3,2,1,349,-1
35,0,15,555,88,0,3,2,1,349,-1
35,0,15,585,93,0,3,2,1,349,-1
35,0,15,615,97,0,3,2,1,349,-1
35,0,15,645,102,0,3,2,1,349,-1
35,0,15,675,107,0,3,2,1,349,-1
35,0,15,705,112,0,3,2,1,349,-1
35,0,15,735,117,0,3,2,1,349,-1
35,0,15,765,121,0,3,2,1,349,-1
35,0,15,795,126,0,3,2,1,349,-1
35,0,15,825,131,0,3,2,1,349,-1
35,0,15,855,136,0,3,2,1,349,-1
35,0,14,884,140,0,3,2,1,349,-1
35,0,13,910,144,0,3,2,1,349,-1
35,0,14,937,149,0,3,2,1,349,-1
35,0,15,967,154,0,3,2,1,349,-1
35,0,15,997,158,1,3,2,1,350,-1
35,0,15,1027,163,1,3,2,1,350,-1
35,0,15,1027,163,0,3,2,1,350,-1
35,0,15,1027,163,0,3,2,1,350,-1
35,0,15,1027,163,0,3,2,1,350,-1
35,0,15,1027,163,0,3,2,1,350,-1
35,0,15,15,2,0,3,2,1,350,-1
35,0,14,44,7,0,3,2,1,350,-1
35,0,14,72,11,0,3,2,1,350,-1
35,0,14,100,15,0,3,2,1,350,-1
35,0,15,130,20,0,3,2,1,350,-1
35,0,15,160,25,0,3,2,1,350,-1
35,0,15,190,30,0,3,2,1,350,-1
35,0,15,220,35,0,3,2,1,350,-1
35,0,15,250,39,0,3,2,1,350,-1
35,0,15,280,44,0,3,2,1,350,-1
35,0,15,310,49,0,3,2,1,350,-1
35,0,15,340,54,0,3,2,1,350,-1
35,0,15,370,58,0,3,2,1,350,-1
35,0,15,400,63,0,3,2,1,350,-1
35,0,15,430,68,0,3,2,1,350,-1
35,0,15,460,73,0,3,2,1,350,-1
35,0,15,490,78,0,3,2,1,350,-1
35,0,15,520,82,0,3,2,1,350,-1
35,0,15,550,87,0,3,2,1,350,-1
35,0,15,580,92,0,3,2,1,350,-1
35,0,15,610,97,0,3,2,1,350,-1
35,0,15,640,101,0,3,2,1,350,-1
35,0,15,670,106,0,3,2,1,350,-1
35,0,15,700,111,0,3,2,1,350,-1
35,0,15,730,116,0,3,2,1,350,-1
35,0,15,760,121,0,3,2,1,350,-1
35,0,15,790,125,0,3,2,1,350,-1
35,0,15,820,130,0,3,2,1,350,-1
35,0,15,850,135,0,3,2,1,350,-1
35,0,15,880,140,0,3,2,1,350,-1
35,0,15,910,144,0,3,2,1,350,-1
35,0,15,940,149,0,3,2,1,350,-1
35,0,15,970,154,0,3,2,1,350,-1
35,0,15,1000,159,1,3,2,1,351,-1
35,0,15,1030,164,1,3,2,1,351,-1
40,0,15,1030,164,0,3,2,1,351,-1
40,0,15,1030,164,0,3,2,1,351,-1
40,0,15,1030,164,0,3,2,1,351,-1
40,0,15,1030,164,0,3,2,1,351,-1
40,0,16,16,2,0,3,2,1,351,-1
40,0,16,48,7,0,3,2,1,351,-1
40,0,16,80,12,0,3,2,1,351,-1
40,0,16,112,17,0,3,2,1,351,-1
40,0,16,144,22,0,3,2,1,351,-1
40,0,16,176,28,0,3,2,1,351,-1
40,0,16,208,33,0,3,2,1,351,-1
40,0,16,240,38,0,3,2,1,351,-1
40,0,16,272,43,0,3,2,1,351,-1
40,0,16,304,48,0,3,3,0,351,0
40,0,16,336,53,0,3,3,0,351,0
40,0,16,368,58,0,3,3,0,351,0
40,0,16,400,63,0,3,3,0,351,0
40,0,16,432,68,0,3,3,0,351,0
40,0,16,464,73,0,3,3,0,351,0
40,0,16,496,79,0,3,3,0,351,0
40,0,16,528,84,0,3,3,0,351,0
40,0,16,560,89,0,3,3,0,351,0
40,0,16,592,94,0,3,3,0,351,0
40,0,16,624,99,0,3,3,0,351,0
40,0,16,656,104,0,3,3,0,351,0
40,0,16,688,109,0,3,3,0,351,0
40,0,16,720,114,0,3,3,0,351,0
40,0,16,752,119,0,3,3,0,351,0
40,0,16,784,124,0,3,3,0,351,0
40,0,16,816,130,0,3,3,0,351,0
40,0,16,848,135,0,3,3,0,351,0
40,0,16,880,140,0,3,3,0,351,0
40,0,16,912,145,0,3,3,0,351,0
40,0,16,944,150,0,3,3,0,351,0
40,0,16,976,155,0,3,3,0,351,0
40,0,16,1008,160,1,3,3,0,352,0
40,0,16,1024,163,0,3,3,0,352,0
40,0,16,1024,163,0,3,3,0,352,0
40,0,16,1024,163,0,3,3,0,352,0
40,0,16,1024,163,0,3,3,0,352,0
40,0,16,1024,163,0,3,3,0,352,0
40,0,15,30,4,0,3,3,0,352,0
40,0,15,60,9,0,3,3,0,352,0
40,0,15,90,14,0,3,3,0,352,0
40,0,15,120,19,0,3,3,0,352,0
40,0,15,150,23,0,3,3,0,352,0
40,0,15,180,28,0,3,3,0,352,0
40,0,15,210,33,0,3,3,0,352,0
40,0,15,240,38,0,3,3,0,352,0
40,0,15,270,43,0,3,3,0,352,0
40,0,15,300,47,0,3,3,0,352,0
40,0,15,330,52,0,3,3,0,352,0
40,0,15,360,57,0,3,3,0,352,0
40,0,15,390,62,0,3,3,0,352,0
40,0,15,420,66,0,3,3,0,352,0
40,0,15,450,71,0,3,3,0,352,0
40,0,15,480,76,0,3,3,0,352,0
40,0,15,510,81,0,3,3,0,352,0
40,0,15,540,86,0,3,3,0,352,0
40,0,15,570,90,0,3,3,0,352,0
40,0,15,600,95,0,3,3,0,352,0
40,0,15,630,100,0,3,3,0,352,0
40,0,15,660,105,0,3,3,0,352,0
40,0,15,690,109,0,3,3,0,352,0
40,0,15,720,114,0,3,3,0,352,0
40,0,15,750,119,0,3,3,0,352,0
40,0,15,780,124,0,3,3,0,352,0
40,0,15,810,129,0,3,3,0,352,0
40,0,15,840,133,0,3,3,0,352,0
40,0,15,870,138,0,3,3,0,352,0
40,0,16,902,143,0,3,3,0,352,0
40,0,16,934,148,0,3,3,0,352,0
40,0,15,965,153,0,3,3,0,352,0
40,0,16,997,158,1,3,3,0,353,0
40,0,16,1029,163,1,3,3,0,353,0
40,0,16,1029,163,0,3,3,0,353,0
40,0,16,1029,163,0,3,3,0,353,0
40,0,16,1029,163,0,3,3,0,353,0
40,0,16,1029,163,0,3,3,0,353,0
40,0,16,16,2,0,3,3,0,353,0
40,0,16,48,7,0,3,3,0,353,0
40,0,16,80,12,0,3,3,0,353,0
40,0,16,112,17,0,3,3,0,353,0
40,0,16,144,22,0,3,3,0,353,0
40,0,16,176,28,0,3,3,0,353,0
40,0,16,208,33,0,3,3,0,353,0
40,0,16,240,38,0,3,3,0,353,0
40,0,16,272,43,0,3,3,0,353,0
40,0,16,304,48,0,3,3,0,353,0
40,0,16,336,53,0,3,3,0,353,0
40,0,16,368,58,0,3,3,0,353,0
40,0,16,400,63,0,3,3,0,353,0
40,0,16,432,68,0,3,3,0,353,0
40,0,16,464,73,0,3,3,0,353,0
40,0,16,496,79,0,3,3,0,353,0
40,0,16,528,84,0,3,3,0,353,0
40,0,16,560,89,0,3,3,0,353,0
40,0,16,592,94,0,3,3,0,353,0
40,0,16,624,99,0,3,3,0,353,0
40,0,16,656,104,0,3,3,0,353,0
40,0,16,688,109,0,3,3,0,353,0
40,0,16,720,114,0,3,3,0,353,0
40,0,16,752,119,0,3,3,0,353,0
40,0,16,784,124,0,3,3,0,353,0
40,0,16,816,130,0,3,3,0,353,0
40,0,16,848,135,0,3,3,0,353,0
40,0,16,880,140,0,3,3,0,353,0
40,0,16,912,145,0,3,3,0,353,0
40,0,16,944,150,0,3,3,0,353,0
40,0,16,976,155,0,3,3,0,353,0
40,0,16,1008,160,1,3,3,0,354,0
40,0,16,1024,163,0,3,3,0,354,0
40,0,16,1024,163,0,3,3,0,354,0
40,0,16,1024,163,0,3,3,0,354,0
40,0,16,1024,163,0,3,3,0,354,0
40,0,16,1024,163,0,3,3,0,354,0
40,0,16,32,5,0,3,3,0,354,0
40,0,16,64,10,0,3,3,0,354,0
40,0,16,96,15,0,3,3,0,354,0
40,0,16,128,20,0,3,3,0,354,0
40,0,16,160,25,0,3,3,0,354,0
40,0,16,192,30,0,3,3,0,354,0
40,0,15,223,35,0,3,3,0,354,0
40,0,15,253,40,0,3,3,0,354,0
40,0,16,284,45,0,3,3,0,354,0
40,0,15,315,50,0,3,3,0,354,0
40,0,15,345,54,0,3,3,0,354,0
40,0,16,376,59,0,3,3,0,354,0
40,0,15,406,64,0,3,3,0,354,0
40,0,15,436,69,0,3,3,0,354,0
40,0,16,467,74,0,3,3,0,354,0
40,0,15,497,79,0,3,3,0,354,0
40,0,15,527,83,0,3,3,0,354,0
40,0,15,557,88,0,3,3,0,354,0
40,0,15,587,93,0,3,3,0,354,0
40,0,15,617,98,0,3,3,0,354,0
40,0,15,647,103,0,3,3,0,354,0
40,0,15,677,107,0,3,3,0,354,0
40,0,16,708,112,0,3,3,0,354,0
40,0,15,738,117,0,3,3,0,354,0
40,0,15,768,122,0,3,3,0,354,0
40,0,16,799,127,0,3,3,0,354,0
40,0,15,829,132,0,3,3,0,354,0
40,0,15,859,136,0,3,3,0,354,0
40,0,16,891,141,0,3,3,0,354,0
40,0,15,921,146,0,3,3,0,354,0
40,0,15,951,151,0,3,3,0,354,0
40,0,16,983,156,1,3,3,0,354,0
40,0,15,1013,161,1,3,3,0,355,0
40,0,15,1028,163,0,3,3,0,355,0
40,0,15,1028,163,0,3,3,0,355,0
40,0,15,1028,163,0,3,3,0,355,0
40,0,15,1028,163,0,3,3,0,355,0
40,0,15,1028,163,0,3,3,0,355,0
40,0,16,32,5,0,3,3,0,355,0
40,0,16,64,10,0,3,3,0,355,0
40,0,16,96,15,0,3,3,0,355,0
40,0,16,128,20,0,3,3,0,355,0
40,0,16,160,25,0,3,3,0,355,0
40,0,16,192,30,0,3,3,0,355,0
40,0,16,224,35,0,3,3,0,355,0
40,0,16,256,40,0,3,3,0,355,0
40,0,16,288,45,0,3,3,0,355,0
40,0,16,320,50,0,3,3,0,355,0
40,0,16,352,56,0,3,3,0,355,0
40,0,16,384,61,0,3,3,0,355,0
40,0,16,416,66,0,3,3,0,355,0
40,0,16,448,71,0,3,3,0,355,0
40,0,16,480,76,0,3,3,0,355,0
40,0,16,512,81,0,3,3,0,355,0
40,0,16,544,86,0,3,3,0,355,0
40,0,15,574,91,0,3,3,0,355,0
40,0,15,604,96,0,3,3,0,355,0
40,0,15,634,101,0,3,3,0,355,0
40,0,15,664,105,0,3,3,0,355,0
40,0,15,694,110,0,3,3,0,355,0
40,0,15,724,115,0,3,3,0,355,0
40,0,15,754,120,0,3,3,0,355,0
40,0,15,784,124,0,3,3,0,355,0
40,0,15,814,129,0,3,3,0,355,0
40,0,16,845,134,0,3,3,0,355,0
40,0,16,877,139,0,3,3,0,355,0
40,0,16,909,144,0,3,3,0,355,0
40,0,15,940,149,0,3,3,0,355,0
40,0,15,970,154,0,3,3,0,355,0
40,0,15,1000,159,0,3,3,0,355,0
40,0,15,1030,164,0,3,3,0,355,0
40,0,15,1030,164,0,3,3,0,355,0
40,0,15,1030,164,0,3,3,0,355,0
40,0,15,1030,164,0,3,3,0,355,0
40,0,15,1030,164,0,3,3,0,355,0
40,0,15,15,2,0,3,3,0,355,0
40,0,15,45,7,0,3,3,0,355,0
40,0,15,75,11,0,3,3,0,355,0
40,0,15,105,16,0,3,3,0,355,0
40,0,15,135,21,0,3,3,0,355,0
40,0,15,165,26,0,3,3,0,355,0
40,0,15,195,31,0,3,3,0,355,0
40,0,15,225,35,0,3,3,0,355,0
40,0,15,255,40,0,3,3,0,355,0
40,0,15,285,45,0,3,3,0,355,0
40,0,15,315,50,0,3,3,0,355,0
40,0,15,345,54,0,3,3,0,355,0
40,0,15,375,59,0,3,3,0,355,0
40,0,15,405,64,0,3,3,0,355,0
40,0,15,435,69,0,3,3,0,355,0
40,0,16,467,74,0,3,3,0,355,0
40,0,15,498,79,0,3,3,0,355,0
40,0,16,529,84,0,3,3,0,355,0
40,0,16,561,89,0,3,3,0,355,0
40,0,16,593,94,0,3,3,0,355,0
40,0,16,625,99,0,3,3,0,355,0
40,0,16,657,104,0,3,3,0,355,0
40,0,16,689,109,0,3,3,0,355,0
40,0,16,721,114,0,3,3,0,355,0
40,0,16,753,119,0,3,1,2,355,-1
40,0,16,785,125,0,3,1,2,355,-1
40,0,16,817,130,0,3,1,2,355,-1
40,0,16,849,135,0,3,1,2,355,-1
40,0,16,881,140,0,3,1,2,355,-1
40,0,16,913,145,0,3,1,2,355,-1
40,0,16,945,150,0,3,1,2,355,-1
40,0,16,977,155,1,3,1,2,355,-1
40,0,16,1009,160,1,3,1,2,356,-1
40,0,16,1025,163,0,3,1,2,356,-1
40,0,16,1025,163,0,3,1,2,356,-1
40,0,16,1025,163,0,3,1,2,356,-1
40,0,16,1025,163,0,3,1,2,356,-1
40,0,16,1025,163,0,3,1,2,356,-1
40,0,15,30,4,0,3,1,2,356,-1
40,0,15,60,9,0,3,1,2,356,-1
40,0,15,90,14,0,3,1,2,356,-1
40,0,15,120,19,0,3,1,2,356,-1
40,0,15,150,23,0,3,1,2,356,-1
40,0,15,180,28,0,3,1,2,356,-1
40,0,15,210,33,0,3,1,2,356,-1
40,0,15,240,38,0,3,1,2,356,-1
40,0,15,270,43,0,3,1,2,356,-1
40,0,15,300,47,0,3,1,2,356,-1
40,0,15,330,52,0,3,1,2,356,-1
40,0,15,360,57,0,3,1,2,356,-1
40,0,15,390,62,0,3,1,2,356,-1
40,0,15,420,66,0,3,1,2,356,-1
40,0,15,450,71,0,3,1,2,356,-1
40,0,15,480,76,0,3,1,2,356,-1
40,0,15,510,81,0,3,1,2,356,-1
40,0,15,540,86,0,3,1,2,356,-1
40,0,15,570,90,0,3,1,2,356,-1
40,0,15,600,95,0,3,1,2,356,-1
40,0,15,630,100,0,3,1,2,356,-1
40,0,15,660,105,0,3,1,2,356,-1
40,0,15,690,109,0,3,1,2,356,-1
40,0,15,720,114,0,3,1,2,356,-1
40,0,15,750,119,0,3,1,2,356,-1
40,0,15,780,124,0,3,1,2,356,-1
40,0,15,810,129,0,3,1,2,356,-1
40,0,15,840,133,0,3,1,2,356,-1
40,0,15,870,138,0,3,1,2,356,-1
40,0,15,900,143,0,3,1,2,356,-1
40,0,15,930,148,0,3,1,2,356,-1
40,0,15,960,152,0,3,1,2,356,-1
40,0,15,990,157,1,3,1,2,356,-1
40,0,15,1020,162,1,3,1,2,357,-1
40,0,15,1035,164,0,3,1,2,357,-1
40,0,15,1035,164,0,3,1,2,357,-1
40,0,15,1035,164,0,3,1,2,357,-1
40,0,15,1035,164,0,3,1,2,357,-1
40,0,15,1035,164,0,3,1,2,357,-1
40,0,15,30,4,0,3,1,2,357,-1
40,0,15,60,9,0,3,1,2,357,-1
40,0,15,90,14,0,3,1,2,357,-1
40,0,15,120,19,0,3,1,2,357,-1
40,0,15,150,23,0,3,1,2,357,-1
40,0,15,180,28,0,3,1,2,357,-1
40,0,15,210,33,0,3,1,2,357,-1
40,0,15,240,38,0,3,1,2,357,-1
40,0,15,270,43,0,3,1,2,357,-1
40,0,15,300,47,0,3,1,2,357,-1
40,0,15,330,52,0,3,1,2,357,-1
40,0,15,360,57,0,3,1,2,357,-1
45,0,16,391,62,0,3,1,2,357,-1
45,0,16,423,67,0,3,1,2,357,-1
45,0,16,455,72,0,3,1,2,357,-1
45,0,16,487,77,0,3,1,2,357,-1
45,0,16,519,82,0,3,1,2,357,-1
45,0,16,551,87,0,3,1,2,357,-1
45,0,16,583,92,0,3,1,2,357,-1
45,0,16,615,97,0,3,1,2,357,-1
45,0,16,647,103,0,3,1,2,357,-1
45,0,16,679,108,0,3,1,2,357,-1
45,0,16,711,113,0,3,1,2,357,-1
45,0,16,743,118,0,3,1,2,357,-1
45,0,16,775,123,0,3,1,2,357,-1
45,0,16,807,128,0,3,1,2,357,-1
45,0,16,839,133,0,3,1,2,357,-1
45,0,16,871,138,0,3,1,2,357,-1
45,0,16,903,143,0,3,1,2,357,-1
45,0,16,935,148,0,3,1,2,357,-1
45,0,16,967,154,0,3,1,2,357,-1
45,0,16,999,159,0,3,1,2,357,-1
45,0,16,1031,164,0,3,1,2,357,-1
45,0,16,1031,164,0,3,1,2,357,-1
45,0,16,1031,164,0,3,1,2,357,-1
45,0,16,1031,164,0,3,1,2,357,-1
45,0,16,1031,164,0,3,1,2,357,-1
45,0,15,15,2,0,3,1,2,357,-1
45,0,15,45,7,0,3,1,2,357,-1
45,0,16,77,12,0,3,1,2,357,-1
45,0,15,107,17,0,3,1,2,357,-1
45,0,15,137,21,0,3,1,2,357,-1
45,0,15,168,26,0,3,1,2,357,-1
45,0,15,198,31,0,3,1,2,357,-1
45,0,15,228,36,0,3,1,2,357,-1
45,0,15,259,41,0,3,1,2,357,-1
45,0,15,289,46,0,3,1,2,357,-1
45,0,15,319,50,0,3,2,1,357,-1
45,0,15,349,55,0,3,2,1,357,-1
45,0,15,379,60,0,3,2,1,357,-1
45,0,16,410,65,0,3,2,1,357,-1
45,0,15,440,70,0,3,2,1,357,-1
45,0,15,470,74,0,3,2,1,357,-1
45,0,15,500,79,0,3,2,1,357,-1
45,0,15,530,84,0,3,2,1,357,-1
45,0,15,560,89,0,3,2,1,357,-1
45,0,15,590,94,0,3,2,1,357,-1
45,0,15,620,98,0,3,2,1,357,-1
45,0,15,650,103,0,3,2,1,357,-1
45,0,15,680,108,0,3,2,1,357,-1
45,0,15,710,113,0,3,2,1,357,-1
45,0,15,740,117,0,3,2,1,357,-1
45,0,15,770,122,0,3,2,1,357,-1
45,0,15,800,127,0,3,2,1,357,-1
45,0,15,830,132,0,3,2,1,357,-1
45,0,15,860,137,0,3,2,1,357,-1
45,0,15,890,141,0,3,2,1,357,-1
45,0,15,920,146,0,3,2,1,357,-1
45,0,15,950,151,0,3,2,1,357,-1
45,0,15,980,156,0,3,2,1,357,-1
45,0,15,1010,160,0,3,2,1,357,-1
45,0,15,1025,163,0,3,2,1,357,-1
45,0,15,1025,163,0,3,2,1,357,-1
45,0,15,1025,163,0,3,2,1,357,-1
45,0,15,1025,163,0,3,2,1,357,-1
45,0,15,1025,163,0,3,2,1,357,-1
45,0,15,30,4,0,3,2,1,357,-1
45,0,15,60,9,0,3,2,1,357,-1
45,0,15,90,14,0,3,2,1,357,-1
45,0,15,120,19,0,3,2,1,357,-1
45,0,15,150,23,0,3,2,1,357,-1
45,0,15,180,28,0,3,2,1,357,-1
50,0,15,210,33,0,3,2,1,357,-1
50,0,16,242,38,0,3,2,1,357,-1
50,0,16,274,43,0,3,2,1,357,-1
50,0,16,306,48,0,3,2,1,357,-1
50,0,16,338,53,0,3,2,1,357,-1
50,0,16,370,58,0,3,2,1,357,-1
50,0,16,402,64,0,3,2,1,357,-1
50,0,16,434,69,0,3,2,1,357,-1
50,0,16,466,74,0,3,2,1,357,-1
50,0,16,498,79,0,3,2,1,357,-1
50,0,16,530,84,0,3,2,1,357,-1
50,0,16,562,89,0,3,2,1,357,-1
50,0,16,594,94,0,3,2,1,357,-1
50,0,16,626,99,0,3,2,1,357,-1
50,0,16,658,104,0,3,2,1,357,-1
50,0,16,690,109,0,3,2,1,357,-1
50,0,16,722,115,0,3,2,1,357,-1
50,0,16,754,120,0,3,2,1,357,-1
50,0,16,786,125,0,3,2,1,357,-1
50,0,16,818,130,0,3,2,1,357,-1
50,0,16,850,135,0,3,2,1,357,-1
50,0,16,882,140,0,3,2,1,357,-1
50,0,16,914,145,0,3,2,1,357,-1
50,0,16,946,150,0,3,2,1,357,-1
50,0,16,978,155,0,3,2,1,357,-1
50,0,16,1010,160,0,3,2,1,357,-1
50,0,16,1026,163,0,3,2,1,357,-1
50,0,16,1026,163,0,3,2,1,357,-1
50,0,16,1026,163,0,3,2,1,357,-1
50,0,16,1026,163,0,3,2,1,357,-1
50,0,16,1026,163,0,3,2,1,357,-1
50,0,16,32,5,0,3,2,1,357,-1
50,0,16,64,10,0,3,2,1,357,-1
50,0,16,96,15,0,3,2,1,357,-1
50,0,16,128,20,0,3,2,1,357,-1
50,0,16,160,25,0,3,2,1,357,-1
50,0,16,192,30,0,3,2,1,357,-1
50,0,16,224,35,0,3,2,1,357,-1
50,0,16,256,40,0,3,2,1,357,-1
50,0,16,288,45,0,3,2,1,357,-1
50,0,16,320,50,0,3,2,1,357,-1
50,0,16,352,56,0,3,2,1,357,-1
50,0,16,384,61,0,3,2,1,357,-1
50,0,16,416,66,0,3,2,1,357,-1
50,0,16,448,71,0,3,2,1,357,-1
50,0,16,480,76,0,3,2,1,357,-1
50,0,16,512,81,0,3,2,1,357,-1
50,0,16,544,86,0,3,2,1,357,-1
50,0,16,576,91,0,3,2,1,357,-1
50,0,16,608,96,0,3,2,1,357,-1
50,0,16,640,101,0,3,2,1,357,-1
50,0,16,672,107,0,3,2,1,357,-1
50,0,16,704,112,0,3,2,1,357,-1
50,0,16,736,117,0,3,2,1,357,-1
50,0,16,768,122,0,3,2,1,357,-1
50,0,16,800,127,0,3,2,1,357,-1
50,0,16,832,132,0,3,2,1,357,-1
50,0,16,864,137,0,3,2,1,357,-1
50,0,16,896,142,0,3,2,1,357,-1
50,0,16,928,147,0,3,2,1,357,-1
50,0,16,960,152,0,3,2,1,357,-1
50,0,16,992,158,0,3,2,1,357,-1
50,0,16,1024,163,0,3,2,1,357,-1
50,0,16,1024,163,0,3,2,1,357,-1
50,0,16,1024,163,0,3,2,1,357,-1
50,0,16,1024,163,0,3,2,1,357,-1
50,0,16,1024,163,0,3,0,3,357,-1
50,0,15,15,2,0,3,0,3,357,-1
50,0,15,45,7,0,3,0,3,357,-1
50,0,15,75,11,0,3,0,3,357,-1
55,0,15,105,16,0,3,0,3,357,-1
55,0,16,136,21,0,3,0,3,357,-1
55,0,15,167,26,0,3,0,3,357,-1
55,0,15,197,31,0,3,0,3,357,-1
55,0,15,227,36,0,3,0,3,357,-1
55,0,15,257,40,0,3,0,3,357,-1
55,0,15,287,45,0,3,0,3,357,-1
55,0,15,317,50,0,3,0,3,357,-1
55,0,15,347,55,0,3,0,3,357,-1
55,0,15,377,60,0,3,0,3,357,-1
55,0,15,407,64,0,3,0,3,357,-1
55,0,15,437,69,0,3,0,3,357,-1
55,0,15,467,74,0,3,0,3,357,-1
55,0,15,497,79,0,3,0,3,357,-1
55,0,15,527,83,0,3,0,3,357,-1
55,0,15,557,88,0,3,0,3,357,-1
55,0,15,588,93,0,3,0,3,357,-1
55,0,15,618,98,0,3,0,3,357,-1
55,0,15,648,103,0,3,0,3,357,-1
55,0,15,678,108,0,3,0,3,357,-1
55,0,15,708,112,0,3,0,3,357,-1
55,0,15,738,117,0,3,0,3,357,-1
55,0,15,768,122,0,3,0,3,357,-1
55,0,15,798,127,0,3,0,3,357,-1
55,0,15,828,131,0,3,0,3,357,-1
55,0,15,858,136,0,3,0,3,357,-1
55,0,15,888,141,0,3,0,3,357,-1
55,0,15,918,146,0,3,0,3,357,-1
55,0,15,948,151,0,3,0,3,357,-1
55,0,15,978,155,0,3,0,3,357,-1
55,0,15,1008,160,0,3,0,3,357,-1
55,0,15,1023,163,0,3,0,3,357,-1
55,0,15,1023,163,0,3,0,3,357,-1
55,0,15,1023,163,0,3,0,3,357,-1
55,0,15,1023,163,0,3,0,3,357,-1
55,0,15,1023,163,0,3,0,3,357,-1
55,0,16,32,5,0,3,0,3,357,-1
55,0,16,64,10,0,3,0,3,357,-1
55,0,16,96,15,0,3,0,3,357,-1
55,0,16,128,20,0,3,0,3,357,-1
55,0,16,160,25,0,3,0,3,357,-1
55,0,16,192,30,0,3,0,3,357,-1
